Country,Duration of compulsory education (years),"Gross enrolment ratio, lower secondary, both sexes (%)","Gross enrolment ratio, lower secondary, female (%)","Gross enrolment ratio, lower secondary, gender parity index (GPI)","Gross enrolment ratio, lower secondary, male (%)","Gross enrolment ratio, primary and lower secondary, both sexes (%)","Gross enrolment ratio, primary and lower secondary, female (%)","Gross enrolment ratio, primary and lower secondary, gender parity index (GPI)","Gross enrolment ratio, primary and lower secondary, male (%)","Gross enrolment ratio, primary, both sexes (%)","Gross enrolment ratio, primary, female (%)","Gross enrolment ratio, primary, gender parity index (GPI)","Gross enrolment ratio, primary, male (%)","Gross enrolment ratio, secondary, both sexes (%)","Gross enrolment ratio, upper secondary, both sexes (%)","Gross intake ratio to Grade 1 of primary education, both sexes (%)","Gross intake ratio to Grade 1 of primary education, female (%)","Gross intake ratio to Grade 1 of primary education, gender parity index (GPI)","Gross intake ratio to Grade 1 of primary education, male (%)","Gross outbound enrolment ratio, all regions, both sexes (%)",Internet users (per 100 people),"Labor force, female (% of total labor force)","Labor force, total","Mortality rate, under-5 (per 1,000)","Net enrolment rate, lower secondary, both sexes (%)","New entrants to Grade 1 of primary education, percentage female (%)",Official entrance age to compulsory education (years),Official entrance age to early childhood education (years),Official entrance age to lower secondary education (years),Official entrance age to pre-primary education (years),Official entrance age to primary education (years),Official entrance age to upper secondary education (years),Percentage of enrolment in lower secondary education in private institutions (%),Percentage of enrolment in primary education in private institutions (%),Percentage of enrolment in secondary education in private institutions (%),Percentage of enrolment in upper secondary education in private institutions (%),Percentage of students in lower secondary education who are female (%),Percentage of students in lower secondary general education who are female (%),Percentage of students in primary education who are female (%),Percentage of students in secondary education who are female (%),Percentage of students in secondary general education who are female (%),Percentage of students in upper secondary education who are female (%),Percentage of students in upper secondary general education who are female (%),"Gross enrolment ratio, pre-primary, both sexes (%)","Gross enrolment ratio, pre-primary, female (%)","Gross enrolment ratio, pre-primary, gender parity index (GPI)","Gross enrolment ratio, pre-primary, male (%)","Outbound mobility ratio, all regions, both sexes (%)",Percentage of enrolment in pre-primary education in private institutions (%),Percentage of students in pre-primary education who are female (%),Percentage of students in tertiary education who are female (%),Percentage of students in early childhood education who are female (%),"Gross enrolment ratio, early childhood education, both sexes (%)"
Switzerland,11,105.8084767,105.4401233,0.993233333,106.15822,105.0572533,104.73656,0.994066667,105.36171,104.6679967,104.37217,0.994513333,104.9488367,102.1755067,99.6721,99.07176333,99.99606,1.01831,98.19508,2.65734,88.76663034,46.59383766,4911583.6,4.225,86.35237333,49.13019667,5,5,13,5,7,16,8.69024,5.55878,12.03695333,14.48906667,48.52883,48.52883,48.55431667,47.76011667,51.27335,47.19728333,56.98963333,104.51344,103.98397,0.99019,105.0152967,4.54483,4.930216667,48.41865,49.70621,48.41865,104.51344
Iceland,10,99.58849667,99.63175667,1.000843333,99.54729,99.53141,99.51929667,0.99977,99.54282333,99.50367,99.46962333,0.99933,99.53620667,118.0748667,131.2835967,100.8731567,101.34458,1.009046667,100.43287,10.53876667,98.42774257,47.25302566,209874.2,2.075,98.98774333,48.52667,6,0,13,3,6,16,1.25166,3.040466667,14.55163667,21.76396667,49.3679,49.3679,48.76003333,49.06855667,51.76257667,48.90559333,53.66503333,95.55107333,96.58016,1.021286667,94.58022667,14.29918333,13.67013,49.01104,63.44775667,49.035,71.79867
Denmark,10,118.1874233,118.08231,0.99837,118.2905967,106.5864733,106.1790433,0.992576667,106.9738933,101.5097867,100.9622067,0.989536667,102.0307033,129.4829433,140.11852,97.56004333,97.56781333,1.00017,97.55368,1.333396667,97.01047889,47.30957427,2996709.6,4.25,92.42103667,48.49508333,6,0,13,3,6,16,29.08941333,16.17655667,14.49888667,2.912723333,48.72639333,48.72639333,48.47027333,49.31588333,50.99116333,49.78213333,54.02321667,95.81526667,95.57635667,0.995206667,96.04024,1.641003333,19.68250333,48.35944333,56.62182,48.42525667,79.40436667
Norway,10,103.4563333,103.5741067,1.00239,103.3472567,101.1266367,101.0946967,0.9994,101.1570533,100.13034,100.0314767,0.99807,100.2248567,115.91615,127.7733767,100.8043833,100.9074,1.002003333,100.70708,5.347283333,96.73944074,47.06164944,2784770,2.625,99.31163,48.69805667,6,1,13,3,6,16,3.9178,3.197256667,7.169213333,9.675233333,48.8713,48.8713,48.80366667,47.83068,51.40292333,47.02782667,55.31054333,96.18042667,96.31291667,1.00268,96.05514333,6.67639,47.42962333,48.66669,58.10019333,48.66664333,90.64415
Canada,10,106.7835067,107.4495433,1.01194,106.1547833,103.20043,103.4871333,1.005433333,102.92862,101.48421,101.5985233,1.002173333,101.3760133,112.2112233,117.1661833,0,0,0,0,2.09025,90.72,47.24859703,20108578,5.15,99.92752,0,6,3,12,5,6,15,8.76843,6.214323333,7.886033333,7.164326667,48.84347333,48.84347333,48.79492667,48.84649667,49.04810333,48.84278667,49.22553667,0,0,0,0,3.134713333,0,0,56.08071,0,0
Finland,9.75,101.8061467,101.5635367,0.995353333,102.03768,100.84572,100.5882933,0.995016667,101.09192,100.37809,100.1139633,0.994863333,100.6309767,152.0487667,200.5750433,98.72584667,98.48291667,0.995216667,98.95841,2.980316667,87.62116809,48.05915913,2716358,1.925,96.49845667,48.78302667,6.25,1,13,3,7,16,4.95341,1.748763333,14.76598667,19.57473667,48.71037,48.71037,48.78444,51.20330333,51.80808,52.42502667,57.1166,82.21621333,82.14339,0.99827,82.28579,3.40096,10.77774667,48.8238,53.3372,48.81838333,69.45628
Netherlands,13,133.6429167,131.1641567,0.964493333,135.99171,113.8577967,112.9982767,0.98541,114.67161,103.40466,103.39601,0.999836667,103.4128433,133.93754,134.2315,0,0,0,0,1.626626667,92.51111237,46.13327775,9134732.6,3.95,87.31791,0,5,3,12,3,6,15,1.45842,0.353346667,6.157983333,10.88248667,47.75220667,48.02399,48.62005333,49.07072333,49.01539667,50.40059,51.95823,94.56746667,94.9795,1.00857,94.17721667,1.982193333,29.79537667,48.85786667,52.17559,48.85786667,94.56746667
Sweden,9.2,117.6934767,119.2983,1.02737,116.1874267,122.5862467,124.2612867,1.02723,121.0025933,124.78796,126.48884,1.0271,123.1756633,146.06893,174.5546833,100.9180533,100.6197533,0.994266667,101.19982,2.57222,91.97822303,47.68828217,5327273.4,2.8,97.39864667,48.43214,6.8,1,13,3,7,16,16.79210667,10.34624,17.01832667,17.16875,49.17919,49.18235667,49.32325667,50.92485333,50.82868,52.10007333,52.57361667,94.75736667,94.6349,0.99751,94.87307,4.004473333,17.17029667,48.50803667,59.37542,48.46576,86.13919667
New Zealand,10,102.16057,101.85506,0.99417,102.4521733,100.16563,100.2311967,1.00128,100.1035767,98.91299667,99.20452,1.005743333,98.63851667,114.5652733,130.57023,98.41906667,99.1074,1.01366,97.77222,1.571713333,89.16805608,47.44022172,2662215,5.85,97.06743,48.80035333,6,0,11,3,5,15,5.06212,1.837053333,9.335503333,13.64408333,48.68395667,48.68395667,48.63963333,50.22387333,49.35921667,51.78090333,50.34249667,91.702715,92.268895,1.01206,91.169535,1.929816667,98.62165333,48.71040333,56.86510667,48.51702667,63.69357
Australia,10,121.3732133,113.8245133,0.88555,128.5292533,108.0277433,105.4006133,0.953696667,110.5165967,100.8944333,100.8940033,0.99999,100.8948533,153.4974467,216.4560533,0,0,0,0,0.808976667,85.88185607,46.28820029,12990805.6,3.775,89.55654667,0,6,1,12,4,5,16,41.42156667,30.10878,40.71549667,39.93854667,45.63626333,48.55519667,48.63891667,45.39372333,49.48667,45.13423,51.34341667,151.9242567,148.8848533,0.96225,154.80665,0.689296667,81.82218,47.70958333,57.59388333,47.81182667,71.75875333
Israel,14.6,106.0053033,106.6405133,1.01173,105.4040233,105.3773867,105.8817167,1.009366667,104.8998767,105.0910433,105.5357467,1.008276667,104.6699233,104.65913,103.2584833,104.700705,106.23159,1.02884,103.25031,2.417836667,79.52879914,47.23063429,4025011.6,3.8,92.47711333,49.35615,3.4,0,12,3,6,15,17.07306667,22.93192667,11.83475,6.24034,48.92083,49.02347,48.84535333,48.99268667,48.97539333,49.06995,48.89084667,111.6185633,111.6171933,0.999973333,111.6198767,3.745443333,36.69414333,48.64267667,56.98612667,48.35058333,79.42479
Costa Rica,13,134.549715,133.617895,0.9864625,135.4404125,119.4463575,119.32373,0.9979825,119.5635375,111.7967125,112.0841775,1.00505,111.5222575,127.5873225,117.6049625,104.3639375,103.9626675,0.99227,104.74697,0.711733333,67.78024312,38.66563848,2373529,8.925,78.2113525,48.641835,4,0,12,4,6,15,8.5110025,9.0007025,8.9071475,9.5619925,48.52133,48.6207875,48.969425,50.3405375,49.975825,53.34378,52.682785,83.9619525,83.98976,1.00028,83.93544,1.313183333,11.418145,48.839045,54.57192,48.7148175,29.9320525
Austria,11.5,101.27916,100.71247,0.989153333,101.8192567,101.8594033,101.4256267,0.991723333,102.27178,102.45833,102.16294,0.994386667,102.7386667,100.5797433,99.91593667,99.61533333,99.48291667,0.9974,99.74124667,3.522596667,85.97748401,46.56588478,4554592.2,3.6,85.97296667,48.53028333,5,0,10,3,6,14,9.698416667,6.19854,10.30281667,10.88034333,48.53512333,48.53512333,48.52179,47.75804,49.91450333,47.01463333,54.17319667,103.7127533,103.77151,1.00129,103.65617,4.23686,29.19108,48.55784333,53.04249333,48.63636,61.44059667
Mexico,14,127.99382,134.1588033,1.099466667,122.0205667,113.49802,115.6329533,1.037596667,111.44376,106.21795,106.2799067,1.001153333,106.1587433,102.54061,76.65040667,105.35204,106.0411533,1.012866667,104.69367,0.300223333,61.64909314,37.58576015,55299605.6,13.75,87.72698333,49.17779667,4,0,12,3,6,15,10.04076,9.008496667,13.16372667,18.48522667,51.58032,49.46180667,48.98233,51.07528667,50.08322333,50.20708,51.39065667,72.63242667,73.57122667,1.025566667,71.73628333,0.818906667,14.20773333,49.46819667,49.77518333,49.40748333,37.86080667
United States,12,101.60976,100.6476533,0.981866667,102.5341567,101.3112767,100.87931,0.99174,101.72581,101.1614033,100.9952233,0.996806667,101.32076,98.45827333,95.35981,102.81369,103.87874,1.02049,101.793,0.384906667,82.45491219,45.96884702,163887772.4,6.65,86.66786333,49.44315,6,0,12,3,6,15,8.61275,8.725306667,8.653986667,8.69721,48.52117333,48.52117333,48.87067333,48.92674667,48.803935,49.35055667,49.35712,72.29960333,72.0902,0.994343333,72.50024333,0.43434,40.81437667,48.75672333,56.23821667,0,0
Brazil,14,108.0561467,106.51861,0.972416667,109.5452733,111.22935,109.4489367,0.969106667,112.9377033,114.05552,112.0810333,0.966736667,115.9373667,100.81037,92.17074333,0,0,0,0,0.328076667,62.22392544,43.22481574,104082640,15.3,79.93012,0,4,1,11,4,6,15,13.565,17.64751667,13.79046667,14.10863667,48.48654,48.46099,47.92515,49.98307,49.77497,52.07838,51.79279667,94.05163667,95.08359667,1.021123333,93.10740333,0.643646667,24.20367,48.88960333,56.99363,48.68902,63.51496
Luxembourg,12,114.33622,113.3646867,0.984113333,115.25318,105.3820233,104.9246167,0.991723333,105.8187133,100.6826633,100.51541,0.996776667,100.84276,103.21319,95.35892667,103.27872,103.01564,0.99516,103.5320533,29.50823333,97.23523943,45.5362634,294007,2.525,84.17693333,48.8664,4,3,12,3,6,15,19.66227333,11.36141,18.43411667,17.39388,48.17014333,48.17014333,48.75781667,49.39564667,49.81980667,50.43203667,53.42966333,92.86547667,91.62407667,0.974186667,94.05381667,151.3979267,10.58991667,48.24786667,50.94273333,48.24786667,92.86547667
Ireland,10,105.0593767,104.90764,0.997353333,105.2053667,102.12797,101.9251133,0.99613,102.32195,101.1263033,100.90487,0.99573,101.3378733,119.7752367,142.35857,96.56189333,97.25966667,1.014286667,95.89722,5.271723333,84.28555823,45.60190491,2345790.2,3.75,85.96647667,49.27,6,4,13,4,5,16,0,0.52066,0.553886667,1.186776667,48.84545667,48.84545667,48.75415,49.18247667,49.44953667,49.57199,50.16280333,127.1845833,126.1594667,0.98358,128.17921,6.800643333,98.47676667,48.83455,51.31764333,48.87151667,134.3496867
Belgium,12,174.9693667,178.2059033,1.036563333,171.87455,120.8375333,121.5970567,1.012343333,120.1109867,103.4597167,103.4272933,0.999383333,103.4907967,161.16991,154.30584,97.97460667,98.64174,1.013423333,97.33663667,2.126306667,86.97603044,46.04668455,5047408.6,3.85,85.02890667,49.22411,6,3,12,3,6,14,58.22978333,54.13253667,58.57290667,58.76336,49.76576667,50.19308333,48.87138667,51.83646333,52.71422,53.00333,55.46330333,116.0850467,115.84121,0.995913333,116.3184367,2.77032,52.87633,48.77601667,55.7333,48.77601667,116.0850467
United Arab Emirates,6,100.67027,99.54720333,0.97812,101.7654967,106.0412633,104.98451,0.980586667,107.06497,109.53751,108.5523133,0.982396667,110.4915767,100.14561,96.21558,93.469535,97.08431,0.98782,98.28109,2.302123333,93.59248291,17.05724723,6696648,7.725,86.84595667,48.68664,6,0,11,4,6,15,67.95636667,76.52767667,64.991105,59.283,48.79586667,48.92185333,48.68929667,47.62984,47.827095,45.987255,46.239875,79.07127667,79.35669333,1.008176667,78.80887333,6.720363333,77.096485,49.30410333,52.38812333,49.83176,35.87055
United Kingdom,11,116.54786,114.911665,0.97284,118.10975,106.230585,105.64108,0.98921,106.79362,101.47168,101.3695767,0.99803,101.5692267,125.187935,136.54862,97.88098667,97.58302333,0.994096667,98.16573,0.82542,94.0732106,46.67888681,34033458.6,4.375,96.55592,48.7151,5,1,11,3,5,14,62.834635,20.81242667,72.431255,79.17309667,48.15068,48.78025667,48.80818667,49.601595,49.3645,50.68462333,49.92303333,105.9899933,105.2294367,0.985646667,106.71653,1.414953333,48.55741667,48.48026,56.40987,48.41276333,65.68498
Oman,10,107.8324375,105.0210075,0.9493025,110.66835,107.25974,107.884165,1.011505,106.65491,106.583805,109.462055,1.0545525,103.88224,105.83448,102.6567625,103.75691,104.71564,1.018535,102.8576025,4.933046667,76.8536754,12.9978238,2585814.6,11.325,87.1747925,49.13882,6,0,11.2,4,6,15.4,13.1183825,19.432375,11.7726825,9.8692775,48.741445,48.77131,49.976695,48.5994175,48.6398975,48.499355,48.5405225,55.1668375,56.3249525,1.0422975,54.066595,12.16786667,73.89557,49.7724025,58.3343,49.7724025,16.77882
Venezuela,15.5,95.35128333,97.50059,1.04514,93.29462333,97.81777,97.74018,0.998456667,97.89191667,99.02145,97.85736667,0.977266667,100.1333033,89.01285,79.26998667,96.89919667,96.52311667,0.99244,97.2586,0.68534,65.33333333,39.32661689,12931269.6,23.225,72.08250667,48.67685667,1.5,1,12,3,6,15,31.04583667,19.31604,32.40865333,34.94173667,50.00241667,50.00241667,48.27810667,50.85584333,50.96017,52.43591667,53.01896667,72.19031667,72.62097333,1.011783333,71.77863,0,20.92872333,49.16603,0,48.99706,52.45393333
Singapore,6,104.872235,103.79616,0.98011,105.90174,101.74591,101.424925,0.99384,102.053465,100.70008,100.63229,0.998685,100.765085,107.716805,110.365665,101.80828,101.481885,0.993785,102.12554,0,84.02009993,41.70041383,3494051.8,2.75,97.764155,48.764025,6,3,12,3,6,14,6.41362,3.90933,4.6039,3.006985,48.392965,48.392965,48.9114,48.542835,48.542835,48.67598,48.67598,0,0,0,0,0,0,0,51.48775,0,0
Panama,11,93.71264667,93.76845333,1.00134,93.65900667,94.2625,93.60457667,0.98641,94.89363667,94.52836667,93.52617333,0.9795,95.48841,77.96730333,62.03992667,95.71411,94.980975,0.985695,96.4155,0.98349,54.35683835,39.73920314,1961255,16.075,72.54114,48.534265,4,0,12,3.75,6,15,14.829055,11.99252,16.281625,19.29197,49.06208,49.06208,48.40786,50.21939333,50.78292,51.99175667,55.518245,57.99354667,58.73893667,1.025366667,57.28045667,2.068865,16.41817333,49.51811667,60.442975,49.50398,22.73108333
Germany,13,97.87525,96.61330333,0.975393333,99.05927333,99.74015333,98.97209,0.98521,100.4622033,102.7891233,102.81742,1.00052,102.7625633,98.68130667,100.16047,104.1876367,104.0158067,0.99679,104.3500833,2.713543333,86.47240695,46.33760523,43180685.2,3.775,84.25846667,48.50374667,6,0,10,3,6,16,10.13268333,4.94324,9.424306667,8.15993,47.81175333,48.2768,48.55946,47.05021,49.41191667,45.69220333,53.04275333,109.26177,108.80775,0.991943333,109.69169,3.92179,64.70149667,48.43717667,48.23308333,48.50217333,73.53374667
Chile,12,104.0978767,103.0290767,0.98,105.1298233,101.7920833,100.38367,0.973166667,103.1513833,101.0310867,99.51058667,0.97085,102.49837,101.7966267,100.7025233,99.356275,99.030515,0.99363,99.67063,1.026016667,80.83869098,41.84884787,9204170.2,7.55,79.62705667,48.940445,6,0,12,3,6,14,58.2597,62.54079333,61.64123,63.31277333,48.61766667,48.76086667,48.3704,49.27066,50.03523333,49.59330333,50.89078,82.15833,81.28504,0.97934,83.00039667,1.178673333,66.10746,48.56868667,52.26467667,48.50324667,52.56372333
Qatar,9,97.5849175,98.24161,1.0131825,97.018315,101.5450875,101.81337,1.00517,101.2923425,103.183085,103.294595,1.00211,103.079105,0,0,107.160925,108.95304,1.03303,105.480495,3.276046667,96.26279673,13.55407961,2042539.2,7.325,79.22761,49.215945,6,0,12,3,6,15,52.0859875,63.5105425,47.73237,42.4726875,48.877945,48.877945,48.921775,48.82656,49.1252775,48.76474,49.428875,59.29663,60.172085,1.02908,58.4811575,20.90103,81.56452,49.00014,68.0515075,48.615185,34.5723275
France,10,101.0126467,100.6890033,0.993756667,101.3218667,101.70417,101.3925167,0.994026667,102.0019367,102.25361,101.9512267,0.99423,102.5425367,103.4880567,106.80361,0,0,0,0,2.31062,79.95645132,47.86549314,30284512.6,4.075,94.02527333,0,6,3,11,3,6,15,21.95970667,14.78936,25.29573667,29.52459333,48.70138333,48.70138333,48.71659333,49.00261667,50.28640333,49.38467333,53.66831667,105.4612733,105.4409967,0.999623333,105.4807067,3.58913,13.00785333,48.90894333,54.45749667,48.90894333,105.4612733
Argentina,14,129.75169,129.63081,0.99824,129.86839,116.9210167,116.8131167,0.99819,117.0251,110.5946833,110.48985,0.99814,110.6957733,108.0474667,86.04337667,106.0508467,105.7132767,0.993766667,106.3762867,0.240323333,71.10231727,42.37906343,20079792.6,10.675,90.74873333,48.92819667,4,0,12,3,6,15,24.44245667,26.39460333,26.63229333,29.98016333,49.0734,49.0734,49.04582667,50.34503,50.34503,52.28920333,52.28920333,75.36969333,75.92955667,1.014696667,74.8301,0.27589,31.49080333,49.44281667,61.60412333,49.36903,40.02139333
Czech Republic,9,99.53255667,99.56066,1.000583333,99.50582,99.88844333,100.04927,1.003146667,99.73584667,100.1321833,100.3836133,1.0049,99.89367667,104.40523,109.57763,101.2779167,101.8828233,1.011663333,100.70434,2.193746667,77.88934159,44.50832287,5404743,3.25,84.47733333,48.95907,6,3,11,3,6,15,3.383073333,2.234086667,9.35852,15.08713333,48.70175667,48.7339,48.80333667,48.88368333,51.07025667,49.05569333,59.26634667,105.6275467,104.0290233,0.970956667,107.14185,3.422683333,3.45528,47.91143333,57.32968333,47.91143333,105.6275467
Uruguay,14,123.09823,127.47982,1.01828,125.19127,114.3276667,114.39449,0.99685,114.75586,109.7359,108.6223733,0.980373333,110.79969,116.10297,109.27314,100.03235,100.20955,1.00348,99.86306,1.821223333,66.41681655,45.38594885,1752151,8.225,85.55724667,48.930905,4,0,12,3,6,15,13.96387667,18.08507667,12.11793,10.08483667,49.37118,51.67557,48.36244667,51.56352,54.94395,53.91879,58.85324,93.86666,94.43044333,1.01182,93.32719667,2.945246667,35.84148333,49.20037667,0,49.28944333,65.46168333
Colombia,12,104.2718575,105.55485,1.0244575,103.04316,110.1504075,109.7930325,0.99368,110.49245,115.24388,113.4679475,0.97028,116.9429025,95.74259,79.2537375,113.813875,110.9311225,0.95164,116.57082,0.895256667,58.76711547,43.10414575,25872340.6,14.95,73.947315,47.64612,5,0,11,3,6,15,18.81852,19.674325,20.7452325,25.6471425,49.5217625,49.5217625,48.1398675,50.44606,50.2018775,52.7987425,52.5568825,0,0,0,0,1.623413333,0,0,52.9256025,0,0
Thailand,9,121.71289,116.04818,0.9132,127.08509,107.661495,105.2519775,0.9574425,109.93961,100.201945,99.49998,0.9868375,100.8654975,118.4374575,115.367375,96.398475,95.8593025,0.9895275,96.90671,0.631753333,49.13262566,45.61108696,38793418.2,9.775,75.06159,48.240315,6,1,12,3,6,15,9.986745,20.9351275,10.5928525,11.18994,46.4116675,46.4116675,48.2084325,48.0895625,49.1373475,49.760585,52.53914,73.13731,71.9890675,0.9692225,74.21852,1.2766,34.612395,47.706225,57.74856,48.0015075,69.5706575
Saudi Arabia,9,106.6602225,105.6354275,0.9809675,107.6499975,104.5994325,104.716695,1.0019375,104.484885,103.687025,104.3132125,1.01186,103.0790275,111.64542,116.8478725,99.30021,98.422915,0.984865,100.152605,3.56267,79.98137839,16.21626762,13808164.4,7.775,85.2747425,48.87509,6,2,12,3,6,15,8.0886575,10.133355,12.4966275,16.688895,48.68861,48.68861,49.528985,47.4564675,47.7840925,46.29148,46.919505,21.4604425,21.6804225,1.0211875,21.2469925,5.407733333,45.1666475,49.8047575,48.86712,49.8047575,16.00876
Spain,10,123.8015533,121.7852867,0.968796667,125.7099067,110.4689233,110.45161,0.999723333,110.4853767,104.4294833,105.2972433,1.016236667,103.6156867,125.71854,127.6153233,95.68999667,95.96019333,1.005493333,95.43728333,1.67544,82.49010282,46.25153488,23054863.6,3.15,94.17116667,48.45833,6,0,12,3,6,15,31.85097,31.49257667,29.11873,26.49852333,47.82736333,47.92720667,48.79838667,48.76528667,49.42782667,49.66490667,51.62105667,92.16876333,92.37266,1.0043,91.97794333,1.92424,32.34349667,48.45669667,53.24169,48.34165,66.55254667
Malta,11,104.7584067,104.5052133,0.995256667,105.0004833,104.3614667,104.7228767,1.006756667,104.02127,104.1734367,104.8437667,1.0126,103.546,98.49031,94.38335333,105.5494233,108.1697,1.049223333,103.1234333,3.961595,79.1125481,40.01633564,223493.8,7.025,97.82595,49.26765667,5,3,11,3,5,14,47.12622667,43.90051,36.87082667,29.35937333,48.70249333,48.74250333,48.61637333,49.48725333,50.50102,50.08629333,52.05757667,109.89054,109.9664667,1.001266667,109.8198167,8.28626,28.72805,48.05333667,55.81489333,48.05333667,109.89054
Kuwait,9,0,0,0,0,0,0,0,0,97.79274,100.350905,1.052065,95.50347,97.82772,0,92.15064,94.37178667,1.0477,90.13475667,10.7436,87.49184408,26.08682017,2320441,8.225,0,48.89946,6,4,11,4,6,15,0,42.08574,34.97601,0,0,48.7200875,48.75831,49.70154,49.0275125,0,49.48324,66.036575,66.7576775,1.0221875,65.3757875,19.20662333,47.0939125,48.8103275,64.4373125,48.8103275,66.036575
Suriname,6,95.50205,103.4471425,1.17421,88.1229,105.8712275,109.1532675,1.061495,102.82071,112.687565,112.90131,1.003585,112.488845,79.865765,58.44082,97.99183,98.3640325,1.007705,97.6453,1.87949,45.70300058,38.0029014,212499.8,19.875,53.823445,48.3899675,7,4,12,4,6,16,0.36468,1.7268925,1.029155,1.959255,52.1569875,60.58581,48.2746975,55.17991,61.24706,62.93838,62.15084,88.3683975,89.6567575,1.0287725,87.16952,0,1.7978425,48.9066175,0,48.9066175,88.3683975
Trinidad and Tobago,6,0,0,0,0,0,0,0,0,0,0,0,0,0,0,0,0,0,0,3.98859,73.27382159,42.35240834,668352.2,19.225,0,0,6,3,12,3,5,15,0,0,0,0,0,0,0,0,0,0,0,0,0,0,0,0,0,0,0,0,0
El Salvador,15,90.361405,89.4046625,0.979185,91.2905625,95.6228825,94.0543875,0.96834,97.1327075,98.3589425,96.485475,0.9635025,100.153995,73.1145225,56.896415,98.93942,97.6008775,0.9738325,100.2190275,0.668476667,29.87346897,41.95367738,2737173,14.475,62.620915,48.21221,1,0,13,4,7,16,13.641495,12.8897825,16.89809,21.773355,48.7415775,48.7415775,48.0034675,49.47913,49.2851325,50.581315,50.7325025,65.61097,66.28452,1.02026,64.96719,2.373566667,16.79977,49.37162,53.688365,49.3841125,30.8838925
Guatemala,16,69.2687775,65.654265,0.9025725,72.7416375,90.6193775,88.35728,0.952245,92.7887475,101.355625,99.78974,0.970185,102.8559025,53.297715,36.6295375,108.0393225,106.8799425,0.97985,109.1493875,0.19821,42.77175588,33.24504602,6821488.8,27.575,44.6235325,48.4029025,0,0,13,4,7,16,56.2808025,12.07164333,63.14675,76.695105,46.443505,46.443505,48.173625,47.7311225,46.4470675,50.26774,46.6275,47.81194,48.21212,1.0165325,47.4288575,0.90992,16.38128,49.3182575,53.57075,49.29559,20.8200375
Uzbekistan,12,95.073455,94.396305,0.9861625,95.720295,98.48684,97.7627625,0.9857425,99.1766975,102.34808,101.582375,0.9855175,103.07545,92.59630667,89.74667667,104.5457975,103.392865,0.9787025,105.63963,1.023693333,47.29879591,40.93725176,15014788.8,23.55,91.9242675,48.1478525,7,3,11,3,7,16,0.06032,0.1619025,0.051833333,0.038666667,48.506605,48.506605,48.353005,48.5801,48.31363,48.69004667,43.6094125,26.236595,25.7676675,0.96616,26.6811975,11.84508667,1.73486,47.8068125,38.0915325,47.8068125,26.236595
Slovakia,10,95.6381,95.07883,0.98866,96.16989667,96.88967,96.39374,0.99006,97.36171667,98.35907333,97.93597667,0.99163,98.76227333,91.10024667,85.84808,95.93756667,95.89881,0.999313333,95.97446667,9.16052,80.09914009,45.41357595,2752016.4,5.825,82.14482,48.79578333,6,3,10,3,6,15,7.813433333,7.35852,11.18986,15.55758667,48.45663,48.62004333,48.58718333,49.00688333,50.72365,49.71845333,59.26235667,94.01235,93.15732667,0.98237,94.82848,18.98796667,5.9814,48.39269333,59.34465,48.39269333,94.01235
Japan,9,0,0,0,0,0,0,0,0,0,0,0,0,0,0,0,0,0,0,0,89.60960517,43.47577086,67381925.4,2.7,0,48.72226333,6,2,12,3,6,15,7.05603,1.17584,20.17320333,32.77709333,48.72730667,48.72730667,48.74953667,48.81995,49.62362,48.90908667,50.73556,0,0,0,0,0.813333333,74.33951,0,47.45308,0,0
South Korea,9,100.91308,100.5796733,0.993713333,101.2200467,99.15869333,98.97633,0.99646,99.32839667,98.19718667,98.10403,0.99816,98.28444,100.2770333,99.77036667,99.08417,98.86902667,0.99581,99.28746,3.12635,93.42768494,41.89348914,28034421.4,3.35,95.24695667,48.44171,6,1,12,3,6,15,17.77594667,1.596316667,31.32222667,42.83768667,47.78739667,47.78739667,48.30465333,47.749,48.37511667,47.71819667,48.98229333,95.20454,95.14922667,0.998873333,95.25679,3.317363333,78.84675667,48.60918667,41.23500333,48.55222,89.00769667
Ecuador,15,107.90053,108.916765,1.018465,106.9258675,105.8696075,106.578095,1.0131975,105.19076,104.8554225,105.409005,1.010465,104.3253225,102.8537875,97.8170025,104.242505,106.077355,1.035025,102.48669,1.19907,53.42520073,40.69516878,8180985.4,14.65,78.3936925,49.759855,3,3,12,3,6,15,24.1427075,23.29892,26.25804,28.6071425,49.4161575,49.4161575,49.17814,49.7718825,50.6491575,50.161875,52.6127375,70.6316075,72.33489,1.048465,69.0020725,2.58523,27.525525,50.0761825,52.9654,50.0761825,70.6316075
Bahrain,9,100.404155,101.5785775,1.0233275,99.3798975,100.6183425,101.1114925,1.00966,100.149755,100.717445,100.90531,1.0036025,100.5442,101.7041325,103.1712825,97.4854,96.944845,0.9896675,98.0177175,6.39075,96.49996165,20.91657667,874147.8,7.35,89.0119825,49.135345,6,1,12,3,6,15,28.341045,36.284205,25.5511375,22.5250425,48.4624225,48.4624225,49.335405,48.880985,51.7883925,49.3247675,55.97346,54.8415075,54.9006075,1.0024125,54.79771,13.99853667,100,49.05637,59.2617625,49.0045125,35.503165
Italy,12,104.1538767,103.2064567,0.98257,105.04135,101.9032333,101.16761,0.98621,102.59528,100.5638567,99.95829333,0.98858,101.13491,101.7296767,100.27275,97.55351667,97.29936667,0.994946667,97.79347333,2.263676667,64.23262941,42.42480647,25867790.2,3.225,94.60690333,48.43668667,6,3,11,3,6,14,3.587946667,6.2447,6.885336667,8.94439,47.91013667,47.91013667,48.22908333,48.10246667,53.54029667,48.22276333,61.45551333,95.7729,94.46309,0.973783333,97.00931667,3.692703333,28.39507,47.89436333,55.97864,47.89436333,95.7729
Bolivia,14,96.144165,93.437855,0.9462425,98.7404575,96.813915,95.5849125,0.97543,97.9919925,97.0354625,96.2938525,0.985115,97.7461725,90.702835,87.90967,97.386465,97.11583,0.9945975,97.645585,1.77121,39.69735377,42.82469957,5333462.2,28.725,66.27728,48.7801675,4,4,12,4,6,14,10.2530075,10.0288825,11.716925,12.5415675,47.582845,47.582845,48.5597875,48.5112,47.582845,49.03152,0,73.02807,73.3042225,1.0074525,72.76383,0,14.1202325,49.0846725,0,49.0846725,73.02807
Moldova,10,86.6475425,86.31121,0.992495,86.9644925,88.833715,88.537765,0.9935575,89.1123825,91.5087475,91.263825,0.9948475,91.73975,86.3639525,85.73925,93.153725,92.93969,0.99571,93.3692175,7.751916667,72.04150633,49.30942911,1062927.8,16.075,82.2539875,48.168995,7,1,11,3,7,16,1.0786025,1.3874925,1.6638075,3.0530175,48.3310075,48.3310075,48.3106825,48.5187975,49.9186125,48.9608625,56.91335,85.5301975,85.3081825,0.994995,85.7399825,18.84364,0.215095,48.341735,56.065785,48.3136425,64.795155
Paraguay,13,0,0,0,0,0,0,0,0,0,0,0,0,0,69.04509,0,0,0,0,1.7299,57.29835668,39.84461918,3423314.2,21.225,0,48.02852,5,1,12,3,6,15,19.59452,20.1583,21.00741,22.64858,49.61948,49.91308,48.15821,50.3607,50.53689,51.22168,51.35761,43.78909,44.04512,1.01151,43.54405,0,31.93026,49.18871,0,49.17041,26.87749
Kazakhstan,9,113.26021,113.746208,1.00843,112.798214,110.56632,111.126254,1.009972,110.035816,108.096222,108.708222,1.011246,107.518562,113.043992,112.823324,106.139258,106.955324,1.01542,105.369228,6.34453,75.18708184,48.21210324,9050166.8,10.8,88.803176,48.930928,7,1,11,3,7,16,0.68287,0.925206,5.005152,16.677062,48.951706,48.951706,48.861672,49.157978,49.695104,49.699394,53.078498,60.97218,62.3568,1.04613,59.66614,13.28964,26.50902,49.65392667,54.662044,49.406846,44.61486667
Slovenia,9,100.5114267,100.59682,1.00164,100.43141,100.2052767,100.4452133,1.004653333,99.97995333,100.0615267,100.3718133,1.006036667,99.76976,113.9515433,123.6192633,101.6196033,102.1287367,1.009683333,101.14108,2.82163,76.80815181,46.23522293,1020037.2,2.3,95.71736,48.69995,6,1,12,3,6,15,0.488016667,0.777626667,3.552016667,5.325113333,48.41819,48.41819,48.61266333,48.74826,52.19921,48.93764333,59.46626667,91.94365,90.91660667,0.978566667,92.91048,3.57901,4.176486667,47.94753333,57.77109333,48.09854667,78.14692667
Lithuania,10,104.8956867,102.8326133,0.962416667,106.8484833,104.13583,102.8413733,0.976026667,105.3664667,102.9519367,102.85246,0.998103333,103.0473033,107.83482,115.2629167,103.1814,103.1502667,0.999406667,103.2109167,5.760396667,75.77312121,50.35160978,1469462.2,4.5,97.34077333,48.72268,7,0,11,3,7,17,3.438456667,2.7385,3.008943333,2.021806667,47.67038667,48.16904667,48.86709333,47.54329333,49.01091667,47.24873,51.60371333,87.22373333,86.98186667,0.994643333,87.45364333,8.101336667,4.02014,48.56073,56.99557,48.57675667,59.40928667
Nicaragua,7,0,0,0,0,0,0,0,0,0,0,0,0,0,0,0,0,0,0,0.41318,24.04638849,38.65413127,2942386.8,18.575,0,0,5,0,12,3,6,15,0,0,0,0,0,0,0,0,0,0,0,0,0,0,0,0,0,0,0,0,0
Peru,14,107.4215475,105.705365,0.9693275,109.1152175,104.7129825,103.51077,0.9778575,105.9032325,103.440455,102.482145,0.982095,104.391145,102.675065,95.4217825,101.6527325,101.1035975,0.98961,102.1932975,1.131916667,46.89557116,45.75861623,17714298.4,15.2,77.962085,49.188805,3,0,12,3,6,15,28.3468975,26.9423275,28.88998,29.825795,48.6289,48.41199,49.053135,48.786955,48.6536,49.05723,49.05723,96.15679,96.1948475,1.00096,96.1204975,1.64359,29.652705,49.2840075,51.90102,49.25368,51.34994
Belarus,9,99.4825625,99.658765,1.003505,99.31558,100.0576375,100.1272925,1.001355,99.9917125,100.673205,100.627935,0.9991525,100.71598,104.0544775,115.9323425,100.0804725,99.6722525,0.9923325,100.465675,5.092496667,71.72743469,49.36332601,5086856,3.7,94.3194725,48.3442875,6,2,10,3,6,15,0.06689,0.0932025,0.47125,1.3670375,48.747255,48.747255,48.563415,48.2712675,49.9328775,47.2173925,54.47209,98.8109675,96.823185,0.9617025,100.6827275,5.737763333,0.0770275,47.5208025,54.3816925,47.6128675,88.721675
Poland,10,101.9318133,100.4387133,0.971726667,103.35468,101.11847,100.79357,0.99375,101.4273,100.0159,100.04543,1.00058,99.98786,108.76036,114.9101967,0,0,0,0,1.02144,73.70620115,44.65169456,18350246.6,4.65,93.67520333,0,6,3,13,3,7,16,6.803743333,5.78987,11.08960667,14.51158,48.07963,48.09842,48.71095,47.99188667,51.70070667,47.92057333,57.56749667,81.14455,80.60233,0.98706,81.65894,1.51827,23.97505,48.35837,59.04074,48.35837,81.14455
Malaysia,6,87.961905,89.3202825,1.030405,86.684955,98.87138333,99.74407333,1.01729,98.04905333,104.70315,105.26802,1.01053,104.1699833,84.2710675,80.7566975,106.27326,107.02475,1.013816667,105.5629933,2.252523333,77.79864085,38.23551326,15126538,7.925,86.2644275,48.93325667,6,4,12,4,6,15,6.2076375,12.33134667,9.864125,13.6465825,49.20357,49.2562975,48.81183667,50.282875,51.1737875,51.4100125,53.719145,98.2888175,100.0390125,1.035365,96.6361525,4.96842,48.2764725,49.42776,53.4285475,49.42776,98.2888175
Croatia,8,109.25103,111.6818367,1.044216667,106.9488167,103.72509,104.9654333,1.023563333,102.5490333,98.41694333,98.50602667,1.00178,98.33237667,98.9758,90.34069,98.056165,98.61149,1.011095,97.528935,3.70648,70.57133315,46.38184978,1822435,4.775,92.43807,48.97902,7,1,11,3,7,15,0.599216667,0.48864,2.307286667,4.044966667,49.72336,48.54587333,48.7402,49.84041,51.83694,49.95842,61.87736667,66.02361667,64.93083667,0.96786,67.05812,5.572635,16.54086,47.79958,56.69066,47.74525333,54.47502667
Libya,9,0,0,0,0,0,0,0,0,0,0,0,0,0,0,0,0,0,0,0,20.34905332,34.0967512,2339509,12.625,0,0,6,4,12,4,6,15,0,0,0,0,0,0,0,0,0,0,0,0,0,0,0,0,0,0,0,0,0
Russia,11,99.72925,100.1089867,1.007526667,99.36706667,100.0916933,100.3632567,1.005393333,99.83273333,100.48992,100.64288,1.003073333,100.3440633,102.65371,110.4823767,103.2085133,103.7207833,1.009636667,102.72043,0.74497,75.01607375,48.5024411,74197830.6,7.825,94.90935667,49.02825333,7,2,11,3,7,16,0.644566667,0.796926667,1.270653333,2.785776667,49.0098,49.0098,48.88315667,48.28060667,49.86148,46.52483333,54.23989333,86.32048667,85.42075333,0.979903333,87.17551,0.92133,1.457316667,48.22176,53.21189333,48.18208333,80.12069333
Jamaica,6,84.7955475,86.229235,1.03444,83.4250025,88.755165,89.1114525,1.0083925,88.415125,90.882505,90.658825,0.9956275,91.1033275,82.1005025,78.2986725,83.01694,83.01125,0.9996175,83.0224975,1.74369,47.2200482,45.77566789,1457248.2,15.15,70.543765,49.2272925,6,0,12,3,6,15,1.76591,8.7970275,1.8956125,2.1021125,49.7222925,49.7222925,49.023895,50.1375675,50.1375675,50.78138,50.78138,75.9461775,76.8287275,1.0219825,75.09388,5.86984,82.802445,49.6645375,62.58234,49.70582,41.50901
Cyprus,10,99.59414667,99.21274667,0.992546667,99.95762333,99.22620333,99.15235667,0.998553333,99.29633333,99.05077333,99.12535667,1.001476667,98.9799,99.74339,99.8791,96.51654,97.00784,1.010156667,96.04542667,41.2928,78.19821922,46.21029033,614699.8,2.55,94.89117667,49.21400667,5,0,12,3,6,15,16.41959333,8.75548,17.81918667,19.09042667,48.60653,48.60653,48.73971,48.78734667,51.22480667,48.95051333,54.06825333,81.80154333,81.12607,0.983953333,82.44767333,68.70542,49.13381333,48.50550667,55.15841,48.38840667,53.45907333
Algeria,10,0,0,0,0,0,0,0,0,112.838835,110.006715,0.951985,115.5576225,0,0,104.31164,103.51761,0.9852875,105.07363,0.675823333,47.1040667,17.85000949,12035210.2,24.225,0,48.5974975,6,5,11,5,6,15,0,1.0902975,0,0,0,47.85874,47.7502275,0,50.9091375,0,56.8963,0,0,0,0,1.592733333,0,0,60.5693375,0,0
Kosovo,0,0,0,0,0,0,0,0,0,0,0,0,0,0,0,0,0,0,0,0,86.66831439,0,0,0,0,0,0,0,0,0,0,0,0,0,0,0,0,0,0,0,0,0,0,0,0,0,0,0,0,0,0,0,0
Turkmenistan,12,0,0,0,0,0,0,0,0,0,0,0,0,0,0,0,0,0,0,0,18.07936556,41.05564139,2574506.2,48.225,0,0,6,1,10,3,6,16,0,0,0,0,0,0,0,0,0,0,0,0,0,0,0,0,0,0,0,0,0
Mauritius,11,112.252965,111.5076225,0.987105,112.9692925,105.80371,106.176065,1.0069275,105.4455875,102.0016975,103.0344925,1.020095,101.0076725,96.432145,85.0234375,101.9315075,102.7986725,1.016915,101.09596,8.092796667,54.08251361,39.1217056,606666.6,14.725,86.3279475,49.48189,5,2,11,3,5,14,59.9911275,33.016565,57.69274,55.4859675,48.673555,51.2268125,49.5396975,50.434915,52.1737325,52.118145,52.97093,102.209835,102.8495875,1.0122425,101.5935975,20.73988333,79.3103825,49.351365,56.71487,49.31572,73.34638
Hong Kong,9,109.37811,107.5637925,0.9684,111.0858175,108.867585,109.5349975,1.0117275,108.266735,108.687125,110.576685,1.0334125,107.01397,104.66068,100.85194,111.2577125,114.97573,1.0640825,108.057015,8.808946667,87.28123743,49.02365959,3953707.4,0,91.253275,47.8071925,6,3,12,3,6,15,20.2356025,18.9013275,19.62514,19.0894075,47.626485,47.626485,47.8782225,47.514855,48.2063625,47.41595,48.7389225,108.0316875,111.675895,1.0644725,104.9092975,12.22219667,99.0333875,47.7291675,52.0556975,47.7291675,108.0316875
Estonia,9,106.3388467,105.3783433,0.982786667,107.2501433,99.87375667,99.61725333,0.995036667,100.1167267,97.16479333,97.19846667,1.000676667,97.13301667,114.5252133,123.1639967,96.92737,97.65839,1.014826667,96.23957,5.650466667,88.27735022,48.35070764,698019.8,2.9,90.68021,48.84365667,7,0,13,3,7,16,4.082893333,5.301033333,3.731826667,3.415456667,48.26385,48.35839,48.58860667,48.89032333,51.66924667,49.45130667,56.37201333,92.70880667,92.41478667,0.993856667,92.98603,7.953133333,0,48.36548667,58.80662,48.47997667,66.8523
Indonesia,9,96.1817125,97.33743,1.0237525,95.0899075,102.6883625,101.9447275,0.986035,103.390465,105.9730925,104.2714125,0.96925,107.5798975,86.761065,77.1584425,105.04098,104.1982725,0.98424,105.8419425,0.217383333,29.87583659,38.74260767,129548736.8,26.45,78.057825,48.2320475,7,1,13,5,7,16,38.381345,21.64295,41.74419,46.0252125,49.143825,49.143825,47.7849325,49.140895,50.604235,49.1271,53.8433875,62.47105667,59.29076,0.905256667,65.49659,0.62085,94.60672667,46.27038,52.1793775,50.71971,47.57585667
Vietnam,10,99.3655175,100.47489,1.0217375,98.3333175,105.5873675,106.50656,1.0167875,104.7467725,110.2093875,111.0533475,1.014685,109.44759,0,0,112.7050933,114.4271333,1.029453333,111.1599533,1.0222,56.6224089,47.77623008,56519348.8,21.275,96.826685,48.01506,5,0,11,3,6,15,0.9506625,1.0593375,0,0,48.765205,48.765205,47.8791725,0,50.2474125,0,53.3863225,92.13733,91.246335,0.981635,92.932545,3.170705,14.0148725,46.70243,51.52945,46.537915,53.0606425
Turkey,12,100.1484967,100.7905167,1.012806667,99.53164333,99.59506333,99.72356333,1.002513333,99.47159667,99.04331,98.65501,0.992276667,99.41592333,103.8568467,107.53921,92.90440333,92.25108667,0.98629,93.53106,0.70857,61.95502298,32.54712569,31752250,11.575,87.44073,48.61152,6,1,10,3,6,14,4.82792,4.11835,5.981866667,7.05082,49.31036333,49.31036333,48.77776667,48.21104667,48.94078,47.19202,48.28985667,30.68542667,29.87860333,0.949593333,31.45777333,0.691786667,15.293,47.61577333,45.94476333,47.60447333,18.40048333
Kyrgyzstan,10,98.0614125,97.747435,0.9937525,98.36351,101.9131325,101.5417,0.9928775,102.2702225,106.154845,105.7225,0.9920375,106.5701525,93.46197,82.057795,107.952835,107.5108575,0.99197,108.3767425,1.949036667,35.08234759,39.49864634,2555215.4,20.575,88.2085025,48.754345,6,1,11,3,7,16,1.7950825,1.720785,2.8452025,5.933625,48.87843,48.87843,48.79414,49.100225,49.7258925,49.7398475,53.527495,34.23657,34.3354075,1.006475,34.1420175,4.36313,3.217445,49.0082125,55.171805,49.017085,23.9149875
Nigeria,9,47.145115,45.28314,0.925125,48.93978,72.80319,70.44036,0.93829,75.07337,84.72564,82.17733,0.94271,87.17114,44.39227,41.31236,0,0,0,0,0,34.55666667,44.99467192,56991255.8,122.825,0,0,6,1,12,5,6,15,20.13001,12.65614,20.652645,21.334025,47.13679,0,47.49777,46.74697,0,46.247025,0,0,0,0,0,0,0,0,0,0,0
Bhutan,0,95.9712025,102.2638425,1.1374375,89.88058,99.7729175,102.2823575,1.0507925,97.3393675,102.0920675,102.2996875,1.00397,101.8904075,86.83123,69.2301525,102.0827333,100.8143833,0.975666667,103.31182,0,43.22635347,40.93873568,364257.6,31.45,62.8163225,48.59509333,0,4,13,4,6,17,1.22493,4.094965,10.708705,35.3541675,52.4060875,52.4060875,49.359115,51.519735,51.950485,49.1539775,50.6234125,28.5747775,29.25891,1.0516625,27.9124075,0,23.2021125,50.4445025,47.13664,50.4445025,28.5747775
Azerbaijan,10,95.1841175,94.30111,0.982495,95.957025,99.2544325,98.7441675,0.9903975,99.699615,104.0123575,103.927255,0.99877,104.08923,94.48008,84.55838,100.5232325,100.7513175,1.00422,100.32695,5.373963333,78.49999887,48.80723721,5015563.4,23.8,87.9794125,46.2786475,5,1,10,3,6,15,0.63041,0.624123333,12.89057,36.38717,46.2430425,46.2430425,46.316465,46.73612,45.896555,47.4787,44.74211,30.5762475,30.594355,1.0032,30.5611575,20.53513667,1.830856667,46.384855,51.4820225,46.26437,19.01736
Pakistan,12,51.53559,47.1627625,0.84852,55.564085,76.280385,70.0493825,0.8537025,82.0534425,90.3311875,82.9884675,0.8543325,97.15557,40.9099175,32.647995,112.51049,104.170335,0.8662475,120.2794975,0.251556667,13.96514892,20.89529776,70702487,72.65,25.96822,44.656935,5,3,10,3,5,13,36.2211575,36.1620975,33.95136,31.1535725,43.875955,43.875955,44.25664,42.996305,43.2594175,41.912845,42.4494075,74.59532,69.23994,0.8699825,79.57838,2.734616667,37.245585,44.7390775,44.9855775,44.7390775,74.59532
Jordan,10,68.64859667,68.38402333,0.99242,68.90818333,75.87745667,75.32738667,0.98578,76.41552333,80.26339667,79.55015,0.982606667,80.95984333,62.87437,49.591145,81.85256667,80.80702,0.97518,82.86858667,2.706036667,63.06896323,17.86029253,2495417.4,16.95,66.96363,48.66455333,6,4,12,4,6,16,23.79255667,34.73540667,21.524655,14.87389,49.33033,49.33033,48.96666,50.329705,50.65696,53.40994,55.30406,25.913685,25.535625,0.97138,26.28043,7.89823,76.1108225,48.4740575,52.4041175,48.4740575,25.913685
Montenegro,9,95.2668275,96.05352,1.0158375,94.55114,96.4374175,96.371505,0.998755,96.4972875,97.36565,96.6160575,0.98584,98.0476725,90.7591775,86.4558025,101.0907575,97.8404,0.9438575,104.0633575,11.341005,70.19770336,44.21853848,273018.8,2.975,92.9667725,46.1375425,6,1,11,3,6,15,0.07517,0.11963,0.1955525,0.3428475,48.0155275,48.0155275,47.2396275,48.15217,50.02964,48.2968,56.514255,60.585865,58.78206,0.9462075,62.24275,19.71381,3.9376575,46.446185,54.56105,46.45554,49.1386875
China,9,0,0,0,0,95.265185,95.4850275,1.004275,95.0758125,98.47702,98.8541775,1.007095,98.1531125,0,78.57908,101.40498,101.98766,1.0106975,100.9041975,0.950733333,52.6,43.86831245,783730060.6,9.6,0,46.474455,6,3,12,3,6,15,11.9135725,7.4565925,11.65662,11.3778425,46.445645,46.445645,46.389765,47.1136875,47.8432225,47.842255,50.4249525,83.477115,83.7103475,1.00519,83.275195,1.990476667,54.4005325,46.502135,51.7087625,46.502135,83.477115
Zambia,7,60.47583333,59.01189,0.9528,61.93763,91.77657667,92.06961667,1.00651,91.4871,99.59432667,100.3705033,1.015763333,98.82831667,0,0,102.8129367,105.1060267,1.04517,100.5598333,0,22.16478876,48.15242467,6899786.4,60.95,29.05797,50.66668667,7,3,14,3,7,16,11.51309,0,0,0,48.74140333,48.74140333,50.07724,0,47.83030667,0,46.50087667,7.22781,7.544905,1.091505,6.9169,0,0,51.6926,0,0,0
Romania,10,95.24463667,94.26220667,0.98012,96.17522667,90.58784333,89.81695667,0.983576667,91.31792667,87.07686333,86.4649,0.98642,87.65636,91.77726,88.45836667,87.41064667,87.09366,0.992996667,87.71061333,2.923065,62.42392785,43.04755398,9032187.6,8.2,85.52498,48.43483,7,0,11,3,6,15,0.48206,0.957526667,1.10943,1.755283333,48.14325,48.14325,48.29521,48.56649,50.98849333,49.00308667,57.68926333,83.95864667,84.05731333,1.002286667,83.86535667,6.15291,3.725396667,48.65149667,53.82505333,48.59091,46.64113333
Serbia,8,100.8712075,100.5287375,0.993415,101.195205,100.7541075,100.5590175,0.9962425,100.938345,100.6322625,100.5931375,0.99925,100.6693775,95.8716675,90.81364,99.5510775,99.67996,1.002525,99.4286575,3.62643,69.01635286,44.28869958,3194568,5.9,95.3635325,48.4967075,7,1,11,3,7,15,0.118465,0.150915,0.59987,1.1422675,48.4397625,48.4397625,48.5094925,48.8588425,50.2152175,49.3300175,58.05217,60.104345,59.900235,0.993395,60.2961875,5.81726,3.81948,48.3149875,55.9274625,48.32555,51.283525
Portugal,12,117.3739867,115.2978233,0.965983333,119.36475,110.13844,108.14746,0.965243333,112.0435433,106.2944267,104.3444433,0.96474,108.15879,118.9024033,120.39403,0,0,0,0,2.398943333,71.87716233,48.95150481,5231873.4,3.7,86.74581333,0,6,3,12,3,6,15,13.22885,12.76638667,17.25574,21.09509,48.06284,48.99752333,47.98389333,48.63207,50.96345667,49.17510333,53.89907,93.67762,92.91114333,0.9841,94.41214,3.806543333,46.94275,48.53149333,53.18818333,48.53149333,93.67762
Latvia,11,103.4174667,102.2621933,0.97834,104.52589,100.5881767,100.2725433,0.99389,100.88908,99.31990333,99.37835,1.001146667,99.26423333,111.4589033,119.9667267,98.98694667,98.97399,0.99976,98.99972667,5.33554,80.68348741,49.89001757,1000856.4,4.4,91.48652333,48.98792,5,1,13,3,7,16,1.76365,1.973976667,3.052646667,4.23291,48.39654,48.51253333,48.77549333,48.43512333,50.47812333,48.47173,53.39455667,94.85529667,94.53669667,0.993513333,95.15460333,6.598616667,7.0581,48.29950667,58.85824,48.14056,76.83823
Philippines,11,91.07960333,94.72876,1.080586667,87.67204667,103.43073,103.50648,1.00153,103.35889,109.97821,108.0903467,0.96705,111.7686567,87.48992667,75.24969333,103.3961467,101.4480633,0.964576667,105.2603033,0.16996,50.51825344,38.95277843,43713690.2,29.325,65.87561333,48.01601667,5,5,12,5,6,15.5,17.67099333,8.256933333,19.57473333,28.86261,50.22436333,50.22436333,47.83331,50.56661,50.69196333,51.96403333,53.51475333,91.97026,91.15624,0.981516667,92.75095667,0.4791,15.98569667,48.48962333,55.51926,48.48962333,91.97026
Somalia,0,0,0,0,0,0,0,0,0,0,0,0,0,0,0,0,0,0,0,0,1.881349566,23.01396812,3675394.8,127.45,0,0,0,3,12,3,6,14,0,0,0,0,0,0,0,0,0,0,0,0,0,0,0,0,0,0,0,0,0
Morocco,9,95.92118,88.84510333,0.865413333,102.65419,106.7337667,102.6545833,0.928066667,110.6029833,111.5496225,108.9171475,0.955005,114.043025,80.045535,62.417925,107.40762,107.3807,0.999455,107.43286,1.5777,60.47932841,24.41253957,11865569.4,23.925,57.53623,48.5855275,6,1,12,4,6,15,10.334165,16.19282,10.135045,9.81746,45.15815333,45.6529325,47.49243,46.281825,46.8408,47.923395,48.973775,52.988755,48.1419875,0.837015,57.571635,5.029016667,88.29425,44.179105,47.97442,44.17228333,20.7163
North Macedonia,13,86.45246,86.006425,0.98994,86.873895,91.32187,91.132805,0.995965,91.49989,95.509205,95.556,1.00099,95.46505,81.67005,77.13864,101.48911,101.434925,0.99914,101.539235,3.06428,74.05539846,39.11178368,957656.4,11.3,82.68448,48.26937,6,1,11,3,6,15,0,0,0.64717,1.30106,48.31319,48.31319,48.427765,47.9995,49.692185,47.65263,53.250335,38.485765,38.932445,1.022275,38.070315,7.44781,2.490105,48.748125,54.95625,48.672865,28.533075
Mozambique,0,39.132235,37.568725,0.92331,40.714475,89.510785,85.59912,0.916205,93.4398,109.4234825,104.9014425,0.9205625,113.94969,34.488055,26.78861,162.91948,159.552325,0.959495,166.2730175,0.09934,14.81825736,52.21673805,12391101.8,77.15,17.72913,48.854105,0,3,13,3,6,16,9.605045,1.820195,11.96259,17.08462,48.293035,48.65074,47.950575,47.72409,48.784555,46.589475,49.1153725,0,0,0,0,1.417463333,0,0,44.2191775,0,0
Albania,9,97.9961325,99.020295,1.019915,97.103365,102.19925,103.6537275,1.0269925,100.9314725,106.284215,108.2013275,1.034185,104.62454,95.950425,93.535885,110.2219175,111.8049,1.0275325,108.838465,7.132776667,67.15447263,41.46994894,1309404.6,9.175,87.96091,47.2873825,6,1,11,3,6,15,6.0298025,6.899875,8.79378,11.6065,47.3293325,47.3293325,47.2339775,47.0281225,49.52916,46.6539575,52.7928725,84.6048325,85.6346425,1.0229925,83.6902325,12.03995667,7.6264725,47.7254925,58.1536875,0,0
Bosnia and Herzegovina,9,0,0,0,0,0,0,0,0,0,0,0,0,0,0,0,0,0,0,0,61.96716194,39.36411861,1333271.8,5.95,0,48.471215,6,1,11,3,6,15,1.2240375,1.62976,2.4295675,3.6103425,48.60195,48.60195,48.55131,49.3190625,51.486415,50.01919,62.86063,0,0,0,0,11.47563333,28.96653,47.917155,56.490215,47.85665,0
Lesotho,7,71.34966333,81.61883,1.33628,61.09741,104.1474167,105.1771833,1.020046667,103.1127933,118.4090967,115.3745467,0.949853333,121.4664133,60.40312,43.52444,119.5198933,113.33112,0.90129,125.74174,1.396416667,27.12,45.29118511,951017.6,86.275,33.246375,47.53615,6,3,13,3,6,16,1.28706,4.116116667,1.99834,3.65941,57.15545667,57.15479667,48.90102333,57.25520667,57.21276333,57.52508,57.37298333,39.14128,39.76499,1.03247,38.518425,13.11962,24.302825,50.77987,60.60256667,50.77987,39.14128
Dominican Republic,15,90.6921775,91.12689,1.0096625,90.2700175,103.201995,100.4249725,0.948595,105.887305,108.8006425,104.6189775,0.9274575,112.83574,79.8850275,70.051335,109.4791325,108.52021,0.9831625,110.398235,0.454453333,65.12053891,39.80286138,4835350.8,30.1,61.75557,48.5303375,3,3,12,3,6,14.6,17.4386875,22.83781,18.0878225,18.861605,49.51657,49.51657,47.222675,51.5277925,50.88274,53.8982175,52.721985,49.846345,50.633245,1.0318325,49.0873075,0.821923333,54.8992125,49.898365,64.08549667,49.898365,49.846345
Laos,6,78.0109925,75.5148025,0.938865,80.4378425,95.0321925,92.6012775,0.951,97.3868825,107.9989375,105.660515,0.95845,110.2576725,66.1515225,50.2246075,104.3168675,102.3636225,0.963875,106.1993225,0.69648,21.86014503,49.04519365,3660549.2,50.375,58.320145,48.155175,6,0,11,3,6,15,3.061676667,5.52706,2.788056667,2.20082,47.712,47.7325025,48.06777,47.398985,47.375095,46.74693,46.598385,41.07414,41.69238,1.030535,40.479195,4.121253333,18.0049525,49.790675,49.92275,49.726755,21.9418775
Mongolia,12,97.366245,96.72133,0.98697,97.99856,101.143425,100.146515,0.98069,102.11921,102.576655,101.4427975,0.9783975,103.68567,0,89.60504,105.0799425,103.4912,0.9705425,106.6321475,4.003903333,22.82667993,45.59843199,1304785,17.4,88.90614,48.6714075,6,2,11,2,6,15,5.3417,5.6794225,0,10.90272,49.180025,49.180025,48.9009425,0,0,51.06749,54.43435,83.47457,83.3966025,0.9982175,83.55061,6.135413333,13.233075,49.33745,57.827785,49.33745,83.47457
Swaziland,7,87.07956,87.156165,1.00175,87.003275,109.266845,105.449085,0.93266,113.06484,117.0568433,111.88937,0.915813333,122.18605,79.22363,67.04624,95.78452667,93.86582333,0.96105,97.673,2.15155,33.73885503,48.26937779,360258.8,59.275,29.06143,48.60459333,6,3,13,3,6,16,1.66227,1.687876667,2.163285,3.178595,49.942615,50.01326667,47.61070333,49.658895,49.98038,49.09559,49.90821667,0,0,0,0,0,0,0,0,0,0
Greece,10,101.09806,98.59261333,0.95255,103.5021967,99.99202,99.01933333,0.981193333,100.9167067,99.45250333,99.23215,0.9957,99.66142667,103.21784,105.2953867,101.67386,102.1718533,1.009593333,101.2067433,6.77177,69.85611078,43.96713669,4806306.2,4.6,93.44056,48.66032333,5,0,12,4,6,15,4.51132,5.36986,4.260256667,4.024093333,47.75048333,47.94825667,48.49448333,47.39860667,50.10983333,47.0678,52.94473667,74.22261,74.73137,1.01337,73.74612667,5.029155,8.70964,48.69803333,48.53924,0,37.91649
Lebanon,10,0,0,0,0,0,0,0,0,0,0,0,0,0,0,0,0,0,0,0,76.09692496,24.34342374,2330973.2,7.85,0,48.2033425,6,3,12,3,6,15,65.513795,72.343565,60.68622,54.84685,50.294895,51.4930425,48.218335,51.071465,53.0850975,52.01006,55.509805,0,0,0,0,7.27179,75.443645,48.4053525,0,48.4053525,0
Hungary,13,99.49166,98.65380667,0.98383,100.28222,100.5808467,100.06416,0.990066667,101.0696933,101.6698,101.4703733,0.996176667,101.8590467,103.0781767,106.52462,98.0299,97.86499667,0.996593333,98.18764667,1.88659,76.22975497,45.59783757,4690364.2,4.675,88.10186333,48.65339,4,2,11,3,7,15,16.803615,16.02645667,22.30855,27.10926,48.14358,48.20091333,48.58413,48.58767667,49.94593,48.98595,51.95258,81.68902667,80.21402333,0.965346667,83.09429667,3.891366667,10.05395667,47.90844333,54.37803,47.89717333,69.28037
Honduras,12,63.64752333,66.54986667,1.093683333,60.86093667,82.63817,83.50354667,1.02073,81.8074,92.29909667,92.12916333,0.996416667,92.46221667,51.57140333,39.47579333,95.22181333,95.09089667,0.997246667,95.34745,0.44648,29.43333333,37.19898403,4303518.8,18.525,40.77816667,48.90205,5,3,12,3,6,15,23.24369,9.697273333,26.36006667,31.39618667,51.21654333,51.9466,48.88907,52.96781667,52.84657333,55.79903667,57.84476,39.45195,40.04195,1.03012,38.88639,2.18909,12.99575,49.67720333,56.9799775,49.67720333,39.45195
Tajikistan,9,99.33555,97.69795,0.9684,100.8884467,99.10654667,97.96192333,0.977753333,100.18996,98.81732,98.23174667,0.98854,99.37042,0,0,101.7364867,100.8225667,0.982693333,102.5993733,2.212883333,20.47,37.5036761,2369477,36.35,98.37895667,48.12793333,7,3,11,3,7,16,1.003616667,1.2283,0,0,47.86860667,47.86860667,48.2863,0,47.33294,0,45.54592667,10.19704667,9.455603333,0.86793,10.89793333,7.615313333,0,45.06354,40.74739667,45.06354,10.19704667
Tunisia,9,107.284355,108.4121775,1.0206325,106.23834,112.6221175,112.88146,1.0044575,112.38121,115.1426725,114.9952475,0.99755,115.28015,90.545775,78.427545,109.34908,110.3553325,1.0187625,108.4109,2.30301,56.12040383,26.57274508,4038442,17.1,85.02742667,48.7315425,6,3,12,3,6,15,4.2013175,5.5411825,7.344195,10.65202,48.603075,49.3475325,48.12326,51.36858,52.829185,54.6209,56.479175,44.162525,44.62689,1.02058,43.728495,6.930496667,79.22715,48.822945,62.591145,48.822945,44.162525
Bangladesh,5,89.2112375,99.9884625,1.267255,78.886365,106.221315,113.200635,1.137295,99.5335,115.7275,119.904855,1.073235,111.72213,69.8497,55.42087,106.8023325,109.4944025,1.05302,104.2214475,0.393395,15.80666667,29.60352475,66509960.4,33.025,66.461955,50.2280475,6,3,11,3,6,14,96.4802425,22.65078,94.12464,90.68340333,54.8339375,54.8339375,50.7158,52.17575,53.2646925,48.99185,51.2005975,37.60748,38.2286325,1.0321725,37.0122625,2.184715,45.9450375,49.7273,40.38950333,49.7273,37.60748
Iran,9,94.3478,92.62795,0.96499,95.98845,105.782925,107.645535,1.03496,104.009525,110.28127,113.73837,1.06306,106.9912867,86.34907667,78.75008,104.1594667,103.7938867,0.993173333,104.50721,0.833373333,58.15256835,19.00099758,27002405.8,15.2,89.917445,48.57894667,6,5,12,5,6,14.8,9.031335,10.95572,13.18290667,17.786565,47.931185,47.91625,50.2896,47.84512333,49.99354667,48.060355,53.859095,53.20869,53.663625,1.016745,52.776005,1.21358,93.21122,49.16361,45.99746,49.16361,53.20869
Ukraine,11,0,0,0,0,0,0,0,0,0,0,0,0,0,0,0,0,0,0,0,53.59137438,47.23179543,20589928,9.1,0,48.843685,6,1,10,3,6,15,0.4912425,0.702945,0.4602375,0.371905,48.9263475,48.9263475,48.9572775,48.50804,49.391745,47.3264825,51.291035,0,0,0,0,4.35971,0.8538625,47.95619,51.9487375,47.985235,0
Iraq,6,0,0,0,0,0,0,0,0,0,0,0,0,0,0,0,0,0,0,0.86901,42.86333296,14.50850807,9945878.8,28.075,0,0,6,4,12,4,6,15,0,0,0,0,0,0,0,0,0,0,0,0,0,0,0,0,0,0,0,0,0
South Africa,9,103.90519,105.6935667,1.035163333,102.1425733,103.35019,101.8522067,0.972046667,104.82154,103.2066933,100.8442667,0.95603,105.52494,107.1063367,109.2270067,97.85362667,95.71001,0.958856667,99.94887,0.1589,54.02883673,45.09537038,22545525.4,35.85,55.36368,48.37757667,7,0,14,4,7,16,3.785956667,3.818655,4.43872,4.84937,50.49376667,50.49376667,48.39464667,50.96730333,51.13058333,51.26944,51.59102,24.67643667,24.72262667,1.003696667,24.63135,0.722693333,6.457006667,49.48787667,58.22124667,0,0
Ghana,11,85.708994,85.716296,1.000364,85.701798,99.510348,99.869546,1.00721,99.165772,105.797124,106.309964,1.00962,105.304854,68.342174,51.132504,103.5401775,104.0248475,1.009285,103.0748925,0.50679,32.88866688,46.43803506,12309510.2,51.225,48.49135,49.21349,4,0,12,4,6,15,21.913218,26.054745,16.454968,7.367456,48.927132,48.927132,49.215236,48.272366,48.82091,47.169304,48.61654,117.8067175,119.0675675,1.02115,116.596045,3.217976667,27.8919825,49.468806,41.00343,49.494366,55.2240875
Zimbabwe,7,0,0,0,0,0,0,0,0,0,0,0,0,0,0,0,0,0,0,1.26078,24.30609828,50.92688303,6802754,50.05,0,0,6,4,13,4,6,15.4,0,0,0,0,0,0,0,0,0,0,0,0,0,0,0,12.59951,0,0,47.89452,0,0
Liberia,6,48.80862667,46.00312333,0.891453333,51.53113333,77.32233667,75.08619667,0.94703,79.48399333,89.97070333,88.02331333,0.961156667,91.84983,37.9035,29.94958,96.469025,96.491935,1.00061,96.4469,0,16.10119538,47.34341683,2099559.4,74.825,9.98244,49.063075,6,3,12,3,6,15,56.24414333,43.36885667,58.36831,64.69804,46.28711,46.28711,48.08483,42.85374,47.323275,41.84019,46.71285,139.1172967,138.5010533,0.993766667,139.7102,0,40.92596667,48.84716333,0,48.84716333,139.1172967
India,8,86.8880025,89.561595,1.0598075,84.5039175,102.7533633,108.74439,1.11658,97.37959333,111.9938033,119.8210267,1.14149,104.9441367,74.39886,64.8885325,101.84859,102.637195,1.0148075,101.135095,0.246366667,24.48333333,20.34410048,484596188.8,40,0,47.8940825,6,3,11,3,6,14,42.24521667,34.46927333,50.34261,59.263795,48.5936775,48.5936775,50.68298333,47.70401,48.05507667,46.7876075,47.43442,13.02604,12.50295,0.926206667,13.50106,0.911293333,75.74703333,45.68322,47.87721,45.68322,13.02604
Sudan,8,55.43964,53.72404333,0.94024,57.11335667,70.63533667,68.07360333,0.93066,73.13144,75.2898,72.47224667,0.928556667,78.03412333,45.45913,38.35631333,83.80837667,81.12982,0.938603333,86.4144,0.32947,23.86009856,30.093834,11723165.8,63.4,0,47.72664667,6,4,12,4,6,14,11.12265333,8.329353333,18.01724333,25.15797333,47.83385333,47.83385333,47.48762667,49.21766667,49.55692667,50.63377333,51.37975333,45.49477333,45.93590333,1.019503333,45.06605333,1.94731,28.55395667,49.76546667,49.83846,49.76546667,45.49477333
Haiti,6,0,0,0,0,0,0,0,0,0,0,0,0,0,0,0,0,0,0,0.993646667,17.30750808,47.32236736,4871939.4,67.7,0,0,6,0,12,3,6,15,0,0,0,0,0,0,0,0,0,0,0,0,0,0,0,0,0,0,0,0,0
Congo (Kinshasa),10,0,0,0,0,0,0,0,0,0,0,0,0,0,0,0,0,0,0,2.29196,8.129307995,48.9816153,2070244.8,52.475,0,0,6,3,12,3,6,16,0,0,0,0,0,0,0,0,0,0,0,0,0,0,0,18.09409,0,0,39.92631,0,0
Nepal,9,98.8055325,101.794925,1.062235,95.9391925,126.0427275,128.9723975,1.047315,123.1911875,143.6823825,146.350985,1.0376025,141.0610225,73.2194125,55.0783,151.7434675,152.318125,1.0074225,151.17956,1.651643333,23.75679395,55.81383506,15890681,34.2,57.39297,50.1471525,4,3,10,3,5,13,16.61389,15.9784575,0,0,50.6244875,50.6244875,50.652035,50.9545375,51.1185425,51.3435375,51.7360525,88.24979,84.42968,0.9173775,92.04406,13.35230333,35.6174475,47.6692425,52.5153175,47.6692425,88.24979
Ethiopia,8,43.14386,41.4276,0.924865,44.826305,78.88455,75.51003,0.91872,82.19005,100.97149,96.0853,0.90851,105.76165,34.93947,17.54446,141.51954,129.21098,0.84144,153.55911,0,15.94671696,46.36539482,49874226.4,59.2,33.790565,45.14692,7,4,13,4,7,17,4.86011,4.95433,6.61975,15.07528,47.521295,47.521295,47.10823,48.45785,47.5309,49.00181,47.46889,29.43704,28.6452,0.94823,30.2091,0,18.22311,48.03955,0,48.03955,29.43704
Sierra Leone,9,57.8388,57.0106775,0.9717975,58.665535,99.351465,99.901415,1.011235,98.8018975,117.8941925,119.03423,1.0197325,116.75373,40.76128,26.61120333,166.3515025,168.432665,1.0250075,164.2694,0,9.039201994,49.59278367,2550569.2,113.075,38.91268,50.637195,6,3,12,3,6,15,7.4788475,5.2799925,8.997753333,12.29469,49.22286,49.22286,50.5011975,47.94647,47.88313,45.94277,46.00700333,11.9933275,12.63392,1.1125475,11.35324,0,34.8287875,52.64794,0,52.64794,11.9933275
Mauritania,9,39.4057775,39.3983675,0.9998175,39.41281,77.3555425,79.1685525,1.047605,75.5929825,99.4740625,102.3459975,1.0588025,96.681935,33.3739975,24.6005325,111.8958775,113.141545,1.021975,110.68597,1.213296667,18.00003012,31.44484081,1173042,79.525,23.2771125,49.813835,6,0,12,3,6,16,23.64955667,15.17105,26.82999,34.45545,49.275285,49.275285,50.723155,48.78069,48.8541475,47.591275,47.80243,10.49137,11.72213,1.26077,9.29758,22.82984,0,55.01354,32.83262,55.01354,4.98788
Kenya,12,91.81477,92.18237,1.007975,91.451865,100.731145,100.87586,1.002855,100.588725,103.433455,103.51585,1.001585,103.352455,0,0,94.574785,92.75244,0.96251,96.365535,0.299836667,17.00498502,48.79363927,22388894.4,43.7,0,48.608165,6,3,12,3,6,14,13.276055,0,0,0,49.880445,49.880445,49.624005,0,48.85948,0,48.00004,75.44706,74.69999,0.9806,76.181975,2.82803,32.766415,49.09472,41.78600667,49.09472,75.44706
Djibouti,10,54.956024,55.360884,1.012586,54.630002,63.802404,64.908358,1.032272,62.893224,70.939374,72.588146,1.044164,69.5973,49.230076,41.634572,67.102482,67.461878,1.01325,66.874832,0,26.9129186,39.658225,399064.6,62.25,41.4148925,46.597202,6,4,11,4,6,15,8.897428,12.508532,9.950748,11.80368,45.271386,45.271386,46.36988,44.850978,45.25288,44.110634,45.210332,6.992746,7.057028,1.028014,6.944676,0,86.124638,48.155786,0,48.155786,6.992746
Armenia,12,92.01710333,93.05000333,1.021113333,91.12481667,92.85378333,93.48925,1.012846667,92.30198,94.08008,94.41919,1.0067325,93.784785,84.578285,79.06531,95.49958,95.729175,1.004655,95.297745,3.32359,62.73109727,46.31073115,1311081.8,13.375,89.47398,46.8380325,6,3,10,3,6,15,1.86165,2.1795875,2.389865,3.43664,46.87983333,46.87983333,46.779595,47.410205,47.96185333,48.692605,51.20569,47.7418825,49.945365,1.09018,45.801685,6.677176667,2.9111975,48.9762375,55.3483175,48.9762375,47.7418825
Botswana,0,96.28955,97.76233,1.03073,94.84778,101.30049,100.86391,0.99151,101.72733,103.23839,102.06448,0.97776,104.38555,0,0,0,0,0,0,1.50514,41.22501592,48.74597839,1026228.4,38.525,57.53128,0,0,3,13,3,6,16,0,7.39021,0,0,50.22485,50.22485,48.86193,0,51.54317,0,55.16997,21.44787,21.81983,1.03489,21.08422,5.581706667,70.64473,50.2917,58.31359333,50.2917,21.44787
Myanmar,5,71.87721333,73.73350667,1.052843333,70.03528667,93.04801667,92.55041333,0.98952,93.54059333,111.14492,108.6685633,0.956816667,113.5917767,64.34578,49.36043333,135.29394,130.57755,0.93306,139.94577,0.182,25.82577379,40.8621055,24596221,48.85,63.48096,47.92447,5,0,10,3,5,14,3.750356667,4.66916,4.97984,8.509216667,51.09341333,51.09341333,48.59658333,52.00845333,52.06127,54.67517667,54.89881,9.127326667,9.23423,1.02365,9.022026667,1.16223,29.86383333,50.20311,58.56056,0,0
Georgia,9,106.91531,106.895585,0.999735,106.9332625,102.4620175,102.6950525,1.004315,102.25369,100.5216425,100.8765575,1.006785,100.2026525,102.40526,98.09652,95.64539333,95.82992333,1.003736667,95.47668667,3.707666667,57.42579584,44.99667947,2055086.4,10.125,94.7041575,47.62056,6,3,12,3,6,15,9.0778875,10.3073525,10.11792,11.193,46.9214,46.9214,47.4386,47.3279925,47.5548975,47.74759,48.272315,0,0,0,0,7.14091,0,0,51.5462,0,0
Malawi,8,48.159995,46.9949175,0.9535075,49.325295,109.8315675,110.32351,1.0089825,109.3427575,144.719115,146.29598,1.0219125,143.1560225,40.030395,22.150085,138.740785,136.51236,0.97022,140.93845,0,10.1840548,48.67461165,7576538.6,54.325,31.89968,48.8729,6,3,12,3,6,16,6.629035,1.67014,9.49442,22.68855,48.7683725,48.7683725,50.3157475,48.2005575,48.2005575,45.4497075,45.4497075,83.58057,84.0181,1.01045,83.14944,0,4.79436,49.8917,0,49.8917,83.58057
Sri Lanka,10.6,99.1045175,98.51944,0.988255,99.688235,100.1552525,99.411465,0.9853275,100.8922925,100.98256,100.1172975,0.983165,101.835395,98.66356667,97.94101,97.51308,97.00929667,0.989796667,98.00677667,1.227606667,20.87111597,34.46938704,8818170.4,8.05,96.8573,49.22418333,5,4,10,4,5,14,2.96179,3.0159,0,0,49.6387625,49.6387625,49.1928025,51.03292333,51.3029175,52.49728667,53.2387175,91.49259,91.07316,0.99097,91.90308,6.40931,78.92828,50.63274,60.6147375,50.63274,91.49259
Cameroon,6,69.467255,64.84808,0.87594,74.032465,99.233465,93.589905,0.89303,104.80027,111.512635,105.6110125,0.900205,117.3249725,59.545125,44.77644,125.66914,119.0531775,0.90068,132.1730775,1.143713333,22.36203053,47.01038877,10711478.2,80.8,42.566965,46.96141,6,4,12,4,6,16,25.42693,23.53120333,28.147555,34.4301,46.400895,49.17254,46.993385,45.85857,48.372,44.6063,46.44439,36.513095,36.8334,1.0175575,36.19857,8.302563333,62.57585,49.98012,45.26021,49.98012,36.513095
Bulgaria,11,88.85269667,86.91452333,0.95859,90.67736333,90.28645333,89.15902667,0.976073333,91.35013667,91.53842,91.11517667,0.99108,91.93846,100.0442733,111.7389033,91.14188,90.87234333,0.994353333,91.39671,6.289665,61.16848993,46.31691592,3315018,7.6,78.99076333,48.48817,5,3,11,3,7,15,2.866863333,1.101876667,2.947066667,3.008996667,47.43594333,47.13306667,48.3716,47.73979,50.47045667,47.99091,55.97727333,77.97286333,77.41479667,0.986123333,78.50150333,8.885935,1.504083333,48.29723667,54.07091,48.29723667,77.97286333
Egypt,12,98.58824,98.64280667,1.00108,98.53676,103.6440267,103.7515267,1.002013333,103.5427433,105.9373267,106.06969,1.002423333,105.8126633,86.59068,74.33532667,103.1327,103.49392,1.006876667,102.7927367,0.376613333,42.73549822,23.57044931,30013778.8,22.375,87.35331,48.65819,6,4,12,4,6,15,6.611193333,9.087456667,7.49126,8.683966667,48.56275,49.47386,48.56192667,48.18526667,50.14651333,47.67222667,51.78988,29.16652667,28.99432333,0.988706667,29.32855667,1.08618,24.89242,48.19112667,49.09694,48.19112667,29.16652667
Yemen,9,60.50533,51.50573,0.74461,69.17162,83.22134,75.90508,0.84097,90.25888,93.63748,87.10226,0.87172,99.92056,51.58068,42.13459,103.21989,98.88711,0.92088,107.38302,0,25.12765753,7.910595059,6303746.2,55,50.05521,46.94465,6,0,12,3,6,15,4.34511,5.03547,3.85235,3.1034,41.7599,41.7599,45.59546,41.16112,41.22708,40.25103,40.4121,1.59278,1.50502,0.89741,1.67707,0,40.49009,46.2913,0,0,0
Angola,6,71.66933,53.60927,0.59571,89.99164,0,0,0,0,113.47796,105.88815,0.87413,121.13591,50.67148,26.95673,0,0,0,0,0.496265,13.24635979,50.15356064,12285034.6,82.425,14.64935,0,6,1,12,4.2,6,15,19.45327,14.11856,21.46779,27.51675,37.67001,37.55801,46.86435,39.52354,39.0578,45.0891,48.5812,39.61102,37.31461,0.89071,41.89328,5.600185,19.99997,46.95575,45.129315,46.95575,12.46435
Mali,9,52.8537975,48.29017,0.84496,57.2946475,70.0559,65.6059525,0.8823625,74.372795,77.156205,72.7676375,0.893935,81.408155,41.815885,29.1945875,70.93832,67.05942333,0.897583333,74.69043333,0.55633,11.48072883,43.77817259,6877254.4,103.325,29.58789,46.47059,7,3.75,13,3.5,7,16,28.26843,39.52281,40.79048667,67.02089333,45.08303,45.08303,46.4116,43.54993,43.95649,40.3773025,40.1311825,5.5602575,5.7001975,1.050835,5.42508,10.10927,77.90015,50.37218,29.65822333,50.37218,5.5602575
Congo (Brazzaville),10,0,0,0,0,0,0,0,0,0,0,0,0,0,0,0,0,0,0,2.29196,8.129307995,48.9816153,2070244.8,52.475,0,0,6,3,12,3,6,16,0,0,0,0,0,0,0,0,0,0,0,0,0,0,0,18.09409,0,0,39.92631,0,0
Comoros,6,65.79244,67.2552,1.044655,64.377405,87.01005,86.82162,0.99564,87.192185,99.47711,98.32954,0.97778,100.585245,57.489575,45.46789,93.47321,94.22387,1.01442,92.74945,8.45703,7.958551484,41.85944855,211207.8,71.15,43.37044,49.417615,6,3,12,3,6,16,48.64921,18.70718,53.686525,64.17321,50.26303,50.41445,48.556005,50.73166,50.86891,51.717475,51.82627,21.112865,21.46782,1.0336,20.770795,0,48.441825,49.90169,0,49.90169,21.112865
Uganda,7,0,0,0,0,0,0,0,0,103.1179233,104.5053233,1.02704,101.7528733,0,0,139.4499467,139.7537767,1.004353333,139.15149,0,21.13918695,49.20195732,15323203.6,50.275,0,49.66014667,6,3,13,3,6,17,0,18.19483,0,0,0,48.41519667,50.26070333,0,47.54845333,0,40.12348,13.35001333,13.60901667,1.039173333,13.09583333,0,100,50.4902,0,50.4902,13.35001333
Senegal,11,54.9491825,54.32025,1.1339,47.915735,73.50962,76.513495,1.14234,66.968525,83.979685,89.2990675,1.1334975,78.7855875,47.3951325,36.28862,97.2466225,102.17401,1.1054225,92.44287,0.912073333,32.88825601,40.30988445,4003162.6,46.75,37.33925,51.86944,6,3,12,3,6,16,17.391355,16.08209,22.04873,31.900765,52.64558,52.160605,52.5325725,51.813075,51.10345,50.055375,48.63355,16.14392,17.108945,1.12524,15.2043,8.256686667,57.90467,52.2817925,38.340865,52.2817925,16.14392
Gabon,10,0,0,0,0,0,0,0,0,0,0,0,0,0,0,0,0,0,0,0,51.94560343,40.19159261,680525.6,47.475,0,0,6,3,11,3,6,15,0,0,0,0,0,0,0,0,0,0,0,0,0,0,0,0,0,0,0,0,0
Niger,0,29.8628,25.52537667,0.748316667,34.05019667,58.16697667,52.87862333,0.83544,63.27945,73.25481333,67.44399333,0.85496,78.87652333,22.49064667,10.89465333,84.515085,78.7251925,0.8746,90.1170875,0.313113333,5.568444313,42.48288853,7812631.2,88.75,21.86019333,45.831085,0,4,13,4,7,17,14.06343,3.4465,16.32247333,26.04603333,41.9364,42.5411875,45.26886333,41.82225,41.29804,41.29432,33.47951,7.7909575,7.985735,1.0503975,7.60275,8.976613333,15.8083625,50.37005,31.822155,50.37005,7.7909575
Cambodia,0,67.51073,69.5929425,1.0624525,65.455705,97.005075,96.7618775,0.9950525,97.2403225,110.62351,109.48493,0.979835,111.713195,0,29.29761,111.264745,108.8603225,0.95849,113.5405475,0.347575,27.81964784,48.40350084,9006794.2,29.925,50.186455,47.5722725,0,0,12,3,6,15,3.9910975,4.3392325,0,0,51.15402,51.15402,48.4471275,0,50.978005,48.81841,50.6067,20.6931025,21.21414,1.0513975,20.19888,2.64619,15.74769,49.94273,45.20369667,0,0
Tanzania,7,37.0010475,37.9420225,1.0515075,36.0733725,72.0296525,73.4834475,1.0410375,70.60264,88.340925,90.090475,1.0404875,86.6272925,27.6592075,6.6002775,115.8858833,115.7938867,0.99897,115.9757533,0.14853,19.33333333,48.20444487,25495689.8,55.9,30.243475,49.38167667,7,5,14,5,7,18,16.9721125,3.714106667,18.60611667,28.21290333,50.9047975,51.21185333,50.467205,50.1048125,50.44182333,39.9971325,40.65407333,41.650935,41.838995,1.00978,41.4673625,3.84301,5.53708,49.6419225,35.78395,49.6419225,41.650935
Madagascar,5,47.656355,48.3884525,1.03162,46.9289275,103.7967233,104.11108,1.00615,103.4859867,144.5575567,144.76823,1.00294,144.35004,37.562765,23.0437625,168.6126367,170.19022,1.01884,167.06162,0.18231,6.229211696,48.84387461,13025955,55.875,26.208365,50.04409,6,3,11,3,6,15,39.457385,18.97147333,41.7751775,48.6722875,50.6342725,50.6787075,49.73835,50.08207,50.4505875,48.4430475,49.72721,30.9274425,32.293225,1.0893125,29.5901975,3.67305,36.3507225,51.6199825,48.205585,51.6199825,30.9274425
Central African Republic,10,20.475705,16.45731,0.670375,24.480485,70.89665,61.41572,0.76469,80.315,102.0189,89.3694,0.7801,114.56074,16.08741,9.48711,128.08882,115.69286,0.8244,140.33543,0,4.046418315,45.56089701,1845779.8,122.325,0,44.8875,6,3,12,3,6,16,23.85468,16.73034,22.81266,19.40304,40.03717,40.009865,43.61322,39.712545,39.568645,38.5019,37.87973,2.92555,2.99059,1.04513,2.86145,0,66.21027,50.74065,0,0,0
Chad,10,26.135715,17.24031,0.49291,34.977105,66.580545,55.86506,0.7232,77.245095,89.215,77.458445,0.76752,100.924515,22.48583,16.92875,108.79693,95.2103,0.778715,122.30842,0.44263,4.999999373,45.42634483,5602285.2,124.7,17.714295,43.63259,6,3,12,3,6,16,13.75335,11.74276,15.435405,19.40228,32.881935,32.923865,43.325055,31.03324,30.95409,26.70041,26.119205,0.872765,0.86067,0.98029,0.88476,13.61383,68.40017,49.25019,22.36675,49.25019,0.872765
Guinea,6,0,0,0,0,0,0,0,0,91.50917,82.36128,0.81931,100.52477,0,0,115.0017,106.52288,0.86336,123.3816,0,12,54.4268723,4165368.6,104.125,0,46.04187,7,2,13,4,7,17,0,30.63966,0,0,0,39.640955,44.67386,0,38.6253,0,36.26095,0,0,0,0,0,0,0,0,48.403945,0
Ivory Coast,10,58.63251,50.47644,0.754115,66.79705,82.0455175,75.9151675,0.8604825,88.1569075,96.178375,91.3228375,0.90368,101.0068725,46.7408025,29.37322,102.785915,99.36719,0.93572,106.1760925,0.558953333,42.57786572,41.3233425,8089146.4,85.325,36.3228425,48.1264425,6,3,12,3,6,16,47.997705,13.65536,51.264115,60.7857275,42.9976625,42.65405,47.3219175,42.3750575,41.9295325,40.5604675,39.62375,7.7934325,7.84667,1.01347,7.7407575,6.18818,27.72858,50.07466,40.37149,50.07466,7.7934325
Burkina Faso,10,51.0927775,51.9341475,1.0313175,50.2838075,77.4425775,77.1678775,0.9926975,77.70732,92.305125,91.375095,0.98028,93.20275,37.083215,15.9891825,107.9999025,104.928595,0.9454875,110.97018,0.333053333,14.65333333,44.68134248,7015016.8,81.45,27.524475,47.76388,6,3,12,3,6,16,38.2668075,19.5323425,40.03366,48.598315,49.7866675,49.9351725,48.618065,48.071745,48.2316625,39.7915325,38.9608125,3.8081975,3.8065025,0.9988725,3.8098225,6.027316667,75.605555,49.1372375,34.1479625,49.1372375,3.8081975
Afghanistan,9,65.150215,47.860845,0.5868,81.5621775,91.248675,71.91124,0.6556475,109.6907475,103.048235,82.7483275,0.675815,122.449005,53.098575,39.958175,109.62535,89.01744,0.688195,129.34037,0.72235,10.98666667,20.44435284,9944939.8,66.225,51.326075,39.698815,7,6,13,6,7,16,3.9042775,4.53476,3.579365,2.9996425,35.77537,35.77537,39.2412375,35.0096275,35.2125225,33.65568,34.1924025,0,0,0,0,0,0,0,24.61267,0,0
Rwanda,6,46.0509,49.2762375,1.1508575,42.7994425,109.7186625,110.5701025,1.015675,108.8627825,137.9066025,137.7646125,0.9978375,138.0483175,38.7256525,30.8208475,129.607445,126.0282925,0.9465675,133.1867075,0.456263333,19.92254421,51.59457628,6010538.2,38.075,24.7219225,48.6226475,7,1.75,13,4,7,16,6.81498,3.951675,14.513135,26.8151575,53.70558,53.70558,50.03448,52.7543,54.06636,51.244385,55.0114875,20.5226475,20.887495,1.0362225,20.1595175,6.042306667,45.0193625,50.772915,45.64609,50.780455,12.5609675
Benin,6,73.12084,66.153585,0.827905,79.907825,110.23909,104.7535,0.906395,115.576695,127.993375,123.6112175,0.9347175,132.253575,58.94464,38.066705,154.374495,150.81627,0.95555,157.83044,0.67813,14.41634527,49.14400959,4541998,96.5,46.67501,48.134685,6,4,12,4,6,16,13.79117,23.3553,15.57552,20.622345,44.63711,44.72685,47.6080025,41.7294,41.94076,33.505115,33.35837,24.72317,25.13528333,1.03334,24.32313,5.263346667,31.9838,50.07626667,29.24145,50.07626667,24.72317
Syria,9,0,0,0,0,0,0,0,0,0,0,0,0,0,0,0,0,0,0,2.409255,32.03427548,16.34241258,5185471.6,17.175,0,0,6,3,12,3,6,15,0,0,0,0,0,0,0,0,0,0,0,0,0,0,0,5.851525,0,0,51.367475,0,0
Burundi,0,56.4576275,59.884705,1.13702,53.037585,103.52843,105.3632225,1.036085,101.70303,126.056665,127.319015,1.0199925,124.8025,47.3861375,35.3309225,133.22257,132.0985025,0.9832575,134.3359825,0.285695,4.233533259,51.95140516,4664027.8,62.575,23.6691375,49.3383875,0,5,13,5,7,16.6,4.27051,1.8466725,8.0083425,15.6747125,53.0750425,53.090295,50.32612,50.5616225,50.9003225,45.5481275,44.8137075,14.2903075,14.5164575,1.0317875,14.0668725,4.80272,51.806645,50.4830075,30.73189,50.4830075,14.2903075
Togo,10,77.56587,68.12091,0.78347,86.94785,107.21811,101.90647,0.90584,112.49934,125.3166875,122.4475425,0.9554025,128.17114,61.84573,38.09897,140.7444825,137.5610375,0.95574,143.9136325,0.933896667,10.26340832,49.68083817,3504076.2,73.275,36.57159,48.7518725,6,3,12,3,6,16,25.81891,30.06521,27.0111,30.67759,43.76477,43.631865,48.7303,41.95472,41.3456175,36.38807,33.14196,20.58162667,20.91222333,1.03242,20.25266333,7.74353,31.87709667,50.67405667,31.147785,50.67405667,20.58162667
Belize,8,95.4436,95.20949,0.9953775,95.6748775,105.88364,104.0635125,0.9666875,107.6545775,113.074995,110.22774,0.9516975,115.8212875,84.2691475,61.83552,102.3155725,101.031265,0.9759425,103.5500625,2.255583333,44.41612204,38.61027609,168207,14.15,72.0578375,48.4025575,5,3,11,3,5,15,70.671305,87.3583625,65.48674,45.64321333,49.50753,49.887475,47.8631,50.55614,50.970535,53.8150375,54.72137,49.1665175,49.92562,1.031565,48.4306675,9.386933333,81.30052,49.9162575,61.80045667,49.9162575,49.1665175
South Sudan,8,20.7491,15.35936,0.5901,26.02852,61.0184,50.05294,0.69773,71.73711,72.98991,60.38093,0.7078,85.30755,11.00999,5.81113,98.91152,82.02901,0.71093,115.38271,0,0,0,0,0,1.14988,40.95451,6,3,12,3,6,14,0,0,40.19496,0,36.62939,36.62939,40.87908,34.49112,34.49112,30.41554,30.41554,11.25782,10.93654,0.94517,11.57104,0,71.93388,47.95622,0,47.95622,11.25782
Namibia,7,106.67944,109.65344,1.05766,103.67564,119.36387,118.47715,0.98522,120.25487,124.21378,121.987245,0.964735,126.446465,0,0,113.11719,113.3734,1.00455,112.86074,2.16674,35.90706592,48.87622917,907170,42.2,53.74452,50.13486,7,3,14,5,7,17,4.56187,5.998905,0,0,51.65011,51.65011,49.17144,0,52.22742,0,54.13975,33.85429,34.46975,1.037045,33.23871,9.944163333,14.95879,50.914255,65.00450333,51.68003,39.48407
Puerto Rico,13,90.184305,91.847145,1.036105,88.673445,87.46723,87.95937,1.010865,87.01134,86.04911,85.95765,0.997855,86.135125,88.1867,86.205855,90.00935,89.19079,0.98242,90.78719,0.31397,67.57056026,42.63610531,1101217.2,0,72.972005,48.28191,5,0,12,3,6,15,24.67242,24.880005,25.57389,26.51407,48.49077,48.477605,48.300215,49.48264,49.618855,50.516705,50.85436,0,0,0,0,0.323285,23.308885,49.25824,57.95683,49.19878,0
Gambia,9,62.9176,65.493035,1.0854875,60.36686,84.4657725,87.768315,1.08041,81.2122425,93.8297075,97.48868,1.080135,90.23353,0,0,105.36424,108.881725,1.068405,101.913915,0,18.27881815,43.89613261,730083.4,61.525,36.45128,51.172075,7,2,13,3,7,16,21.1693425,28.8267775,0,0,51.7975575,51.7975575,51.4935425,0,51.806935,0,51.8082875,38.631865,39.766725,1.059915,37.519435,0,71.9923525,50.9547675,0,0,0