Country,"Adolescent fertility rate (births per 1,000 women ages 15-19)",Age dependency ratio (% of working-age population),"Age dependency ratio, old","Age dependency ratio, young","Current health expenditure per capita, PPP (current international $)","Fertility rate, total (births per woman)","Immunization, BCG (% of one-year-old children)","Immunization, DPT (% of children ages 12-23 months)","Immunization, HepB3 (% of one-year-old children)","Immunization, Hib3 (% of children ages 12-23 months)","Immunization, measles (% of children ages 12-23 months)","Immunization, measles second dose (% of children by the nationally recommended age)","Immunization, Pol3 (% of one-year-old children)","Labor force, female (% of total labor force)","Life expectancy at birth, female (years)","Life expectancy at birth, male (years)","Mortality rate, adult, female (per 1,000 female adults)","Mortality rate, adult, male (per 1,000 male adults)","Mortality rate, infant (per 1,000 live births)","Mortality rate, infant, female (per 1,000 live births)","Mortality rate, infant, male (per 1,000 live births)","Mortality rate, neonatal (per 1,000 live births)","Mortality rate, under-5 (per 1,000)","Mortality rate, under-5, female (per 1,000)","Mortality rate, under-5, male (per 1,000)",Number of deaths ages 10-14 years,Number of deaths ages 15-19 years,Number of deaths ages 20-24 years,Number of deaths ages 5-9 years,Number of infant deaths,"Number of infant deaths, female","Number of infant deaths, male",Number of maternal deaths,Number of neonatal deaths,Number of stillbirths,Number of under-five deaths,"Number of under-five deaths, female","Number of under-five deaths, male","Probability of dying among adolescents ages 10-14 years (per 1,000)","Probability of dying among adolescents ages 15-19 years (per 1,000)","Probability of dying among children ages 5-9 years (per 1,000)","Probability of dying among youth ages 20-24 years (per 1,000)","Stillbirth rate (per 1,000 total births)","Survival to age 65, female (% of cohort)","Tuberculosis case detection rate (%, all forms)"
Afghanistan,4.738376,82.25519692,179.3292465,4.7205,77.5,65.75,65.75,65.75,63.75,39,72,20.19328479,65.4585,62.514,199.98175,242.77775,50.525,47,53.875,38.575,66.35,62.675,69.925,2203.25,11854.25,12120,3091,59966.5,27078,32888.5,8066.666667,46206.5,36628.5,78658.25,36055,42603.25,2.25,13.85,2.9,17.475,29.63256064,67.228502,63.75,67.228502,63.75
Albania,19.17683445,26.49505832,0,1.64775,99,98.75,98.75,98.75,95.75,97.5,98.75,41.46669102,80.139,76.459,50.276,95.95325,8.45,7.55,9.275,6.55,9.475,8.65,10.25,43.5,90,109.5,34.5,293.5,125.25,168.25,5,227.25,137.75,330.75,144.75,186,1.15,1.975,1.05,2.175,3.955687524,91.14182535,87,91.14182535,87
Algeria,9.467743989,45.61571503,996.7555747,3.04075,99,92,92,92,89.25,91,92,17.90574895,77.62575,75.20825,82.5025,104.90925,21.05,19.625,22.375,15.4,24.525,23.025,25.95,1079.25,1561.25,2343.25,1474,21372.75,9732.5,11640.25,1200,15763.25,9795.25,24771.75,11353.5,13418.25,1.7,2.7,1.8,3.425,9.490007204,85.6785522,80,85.6785522,80
Angola,4.42811246,92.5368363,184.8179067,5.64475,61.25,59.25,55.25,55.25,47,29.25,53.25,50.1288987,62.9845,57.43,207.39775,289.191,54.7,49.025,60.175,29.425,82.675,76.3,88.825,5079.75,8493.5,10787.5,10692.25,65506.25,28956,36550.25,3000,35874.25,25603.5,97445.25,44308.5,53136.75,6.7,13.7,11.55,20.725,20.53884215,63.16856285,56.75,63.16856285,56.75
Argentina,17.04711664,39.00455918,1743.962728,2.28125,94,89.5,89.5,89.5,90.5,90.75,87,42.23335198,79.6515,72.847,80.779,149.626,9.45,8.425,10.45,6.35,10.625,9.475,11.725,822.25,2537.5,3476.25,659,7130.5,3110.75,4019.75,300,4800.5,3961.75,8005.5,3506.75,4498.75,1.15,3.65,0.9,4.925,5.216126715,86.8176123,87,86.8176123,87
Armenia,16.11374066,29.68099128,922.2329509,1.74675,99,93.5,93.5,93.5,96.25,96.75,95,46.3530262,78.044,71.06825,72.025,173.78675,11.9,10.575,13.175,7.25,13.375,11.9,14.725,34.75,87.5,129.75,42.5,506.75,212,294.75,11.33333333,307.25,580,569.25,238.5,330.75,1,2.5,1,2.95,13.53839536,87.81363815,80,87.81363815,80
Australia,23.23244396,28.95249289,4621.493815,1.76175,0,94.25,94.25,93.75,95,93.25,94.25,46.22623554,84.65,80.5,44.937,77.0495,3.175,2.9,3.45,2.3,3.775,3.4,4.075,133,446,664.5,125.75,1001.25,443.5,557.75,20.33333333,735,721,1183.5,522,661.5,0.45,1.5,0.4,2,2.270548314,93.38514495,87,93.38514495,87
Austria,28.30511909,21.24336346,5409.293131,1.5025,0,88.75,88.75,88.75,95.25,86.25,88.75,46.60609086,83.975,79.225,43.42066667,81.36333333,2.95,2.7,3.25,2.175,3.6,3.25,3.975,38.75,122,190.5,29,254.75,112,142.75,4,188,198,308,135,173,0.475,1.35,0.375,1.75,2.289124312,92.4905277,83.75,92.4905277,83.75
Azerbaijan,8.379065512,32.68081132,1173.387532,1.83,97.5,95.75,95.75,95.75,97.5,97.25,97.25,48.8231123,75.14875,69.9685,89.357,154.03625,21.25,19.025,23.35,12.775,23.875,21.45,26.175,190.75,372.25,575.5,253.75,3692,1543.25,2148.75,46,2219,1695,4154,1739,2415,1.5,2.725,1.7,3.425,9.697541344,83.69750645,80,83.69750645,80
Bahrain,3.051191817,25.90493899,2297.995605,2.0215,0,98.25,98.5,98.25,99,99,98.5,21.12668439,78.06825,76.12475,57.592,73.129,6.275,6.1,6.45,3.125,7.35,7.05,7.575,15.5,32.5,64,20,135.5,64.5,71,3,68,130,157.75,74.5,83.25,0.9,2.15,1.025,2.85,5.950489278,88.8942699,87,88.8942699,87
Bangladesh,7.7394774,42.93549344,90.42112477,2.077,99,98,98,98,97,92,98,29.3824072,73.81,70.304,108.61575,148.7545,28.65,26.725,30.5,21.15,34.85,32.6,37.05,9175.75,19936.5,16361.25,10053.25,84874.25,38647.5,46226.75,5533.333333,62702.25,79248.25,103550.75,47239.75,56311,2.9,6.325,3.35,5.475,26.02782604,78.97820485,67,78.97820485,67
Belarus,21.1135716,24.08778716,1105.702189,1.6115,97.75,97.75,97.75,24,98,98.25,98.25,49.45867681,79.125,69,82.4595,240.1435,2.8,2.475,3.125,1.45,3.7,3.25,4.175,67.75,159.75,342.75,74.5,318.75,136,182.75,3,167,246,423.5,179.25,244.25,0.75,1.825,0.7,3.075,2.169201452,87.5708596,80,87.5708596,80
Belgium,28.64031044,26.40081517,4898.442057,1.6625,0,98.25,97.25,97.25,96,85,98.25,46.00603138,83.8,79.075,50.92625,84.61075,3,2.65,3.375,2.15,3.725,3.25,4.15,57,146.75,267.5,54.5,376.5,160.25,216.25,6.666666667,269.75,369,468.25,200.25,268,0.45,1.15,0.4,1.95,2.938408686,91.50297595,87.25,91.50297595,87.25
Belize,7.166259584,47.9349346,497.2137146,2.348,94.33333333,93,93,93,94,91.66666667,93.33333333,38.64891429,77.43933333,71.53566667,122.4343333,216.065,11.83333333,10.63333333,12.96666667,9.1,13.73333333,12.4,15.03333333,12.33333333,34.66666667,59,9.666666667,93.33333333,41,52.33333333,3,72.33333333,56.66666667,108.3333333,48,60.33333333,1.566666667,4.4,1.266666667,7.9,7.087884445,81.9141538,87,81.72434065,87
Benin,5.999842471,79.17128604,84.3396225,4.9415,88,75.5,75.5,75.5,69,0,74.25,49.12964434,62.53775,59.502,215.436,262.3015,62.375,56.325,68.05,31.675,96.225,89.85,102.225,2059.25,2637.5,2301.5,4260.5,24880.25,11029.75,13850.5,1633.333333,12869.5,8665,37899.25,17343.75,20555.5,7.55,11.125,13.5,11.35,20.87064346,63.516663,60.25,63.516663,60.25
Bhutan,8.696108762,39.25521491,290.4342651,2.005,99,98,98,98,97,93.5,97.25,40.97809711,71.247,70.653,201.861,202.071,26,23.525,28.325,17.875,31.275,28.375,34.025,69,86.75,108.5,35.5,336.25,149.25,187,25,232.5,132,404.75,180,224.75,4.95,5.875,2.725,6.95,10.04129779,70.5134342,80,70.5134342,80
Bolivia,11.37938408,51.81828375,481.1708272,2.8055,94.5,85.75,85.75,85.75,90.25,38,85.25,42.49140329,73.676,68.02625,146.472,215.56825,23.475,20.95,25.875,16.15,28.925,26.075,31.625,456.75,1096.75,1105.25,581,5792,2524.25,3267.75,400,3990.5,2401.75,7138.5,3139.25,3999.25,1.975,4.95,2.45,5.4,9.612219545,75.56534455,61.25,75.56534455,61.25
Bosnia and Herzegovina,22.19343132,21.4450204,1133.305908,1.28075,96,77,79.25,69.25,72,80.5,75.25,39.40012209,79.508,74.56225,62.793,122.928,5.3,4.8,5.75,4.45,6.15,5.525,6.75,23.5,69.25,102.75,19.75,153.5,67.25,86.25,3,126.75,81.25,179.5,78.25,101.25,0.7,1.65,0.525,2.425,2.843780377,89.50524815,80,89.50524815,80
Botswana,6.553585543,56.23916912,962.8844604,2.9235,98,95,95,95,97,75.5,96,48.75835738,71.1285,65.418,174.7655,269.8455,32.475,29.3,35.525,17.575,42.9,39.225,46.4,110.75,175,471.25,198.5,1824.25,810.75,1013.5,84.66666667,991,885,2411.25,1086.75,1324.5,2.4,4.2,3.9,11.8,15.45903446,74.30829805,70.5,74.30829805,70.5
Brazil,12.14410113,31.39566367,1421.931559,1.74225,93,90.25,92.75,90.25,93.5,77.25,82.5,43.13499571,79.0375,71.68775,93.13625,190.46375,13.65,12,15.25,8.9,15.325,13.475,17.025,4637.25,20934.25,27616.75,3130,40226.75,17259.5,22967.25,1800,26239.75,23569,45062,19387,25675,1.45,6.125,1.05,8.025,7.950450039,84.8195093,87,84.8195093,87
Bulgaria,31.61497992,22.15612036,1591.847127,1.5475,96,91.75,90,90.75,92.75,88.5,91.75,46.35337704,78.425,71.35,86.523,185.5803333,6.35,5.675,6.975,3.75,7.55,6.775,8.275,63.25,139,216,61,410.25,178.25,232,6.666666667,242.75,363,494.5,215.75,278.75,0.925,2.3,0.825,2.975,5.602243674,86.52132515,80.5,86.52132515,80.5
Burkina Faso,4.603221791,86.53612339,117.5916697,5.31225,98,91,91,91,88,61.25,91,44.69650006,61.2015,59.77925,235.251,266.883,57.375,52.175,62.275,27.25,95.575,90.525,100.35,3332.5,2717.5,3554.75,6976.25,41308.75,18394,22914.75,2433.333333,19935.75,14735,67816.25,31400.75,36415.5,6.775,6.6,12.125,10.275,19.70938382,61.6050685,60.5,61.6050685,60.5
Burundi,4.14208685,87.06675456,55.52154032,5.552,92.25,92.25,92.25,92.25,91,72.25,92.25,51.97484725,62.475,58.8945,259.23975,316.8825,43.475,38.675,48.025,22.35,62.85,57.775,67.675,2529.5,2001.5,1891.25,4153.5,18257,8023.5,10233.5,2400,9523,11300.25,26026.75,11794.5,14232.25,9.6,9.1,12.725,9.3,25.79965656,61.245763,59.5,61.245763,59.5
Cambodia,6.748848861,48.78533534,228.1761983,2.54625,97.5,92.5,92.5,92.5,84,67.5,91,48.41080972,71.133,66.90825,137.11425,203.9805,25.4,22.275,28.3,16,29.525,26.075,32.825,591,1156.75,1592.5,1153.25,9269.75,3976.75,5293,620,5864.25,4909.25,10791.75,4654.75,6137,1.95,3.8,3.425,4.85,13.2185391,76.82192585,61.75,76.82192585,61.75
Cameroon,5.0259574,79.05459405,169.4456533,4.674,84.5,73.5,73.5,73.5,67.25,0,73.5,47.00596023,59.5655,56.98225,311.08,340.633,54.425,48.75,59.85,27.675,82.825,76.4,88.925,5290,6479,8188,10664.5,47034,20793.75,26240.25,4733.333333,24254.5,17972.25,70842.5,32223.75,38618.75,8.75,12.525,15.225,18.075,20.0675202,56.6026321,51.75,56.6026321,51.75
Canada,24.68454327,23.58563704,4796.712077,1.5253,0,91,70.25,91,89.5,86.5,91,47.2174807,84.05,79.9,51.335,81.8535,4.45,4.15,4.75,3.45,5.15,4.75,5.475,224,718.5,1376.5,163.5,1727.25,782.5,944.75,40.33333333,1334.5,1089,1977.75,892,1085.75,0.6,1.7,0.4,2.775,2.813863311,92.1345978,87,92.1345978,87
Central African Republic,5.39432868,85.25358528,41.93506241,4.819333333,74,47,47,47,49,0,47,45.55204395,54.046,49.92866667,377.0766667,427.0813333,86.2,79.16666667,92.93333333,41.66666667,119.4666667,112.8,125.7666667,686.6666667,1481,2304.666667,1346.666667,14064,6373.666667,7690.333333,1450,6896.333333,5254.333333,19559.66667,9116,10443.66667,5.433333333,13.5,9.733333333,26.53333333,30.74863971,46.43833587,41.66666667,46.27525765,41.75
Chad,4.919148983,94.93401808,95.90139009,5.89725,59.5,42.5,42.5,42.5,40.5,0,45.25,45.39726066,54.985,52.169,337.68625,381.23625,73.475,66.6,79.95,34.75,123.55,116.35,130.35,4424.5,5553.25,5499.75,7707.5,45670.5,20444.5,25226,7200,22063.75,18302,75492.75,35043.25,40449.5,11.1,16.675,16.475,20.075,27.98510266,49.98134265,55.5,49.98134265,55.5
Chile,16.06249341,29.30805944,2038.343791,1.6975,95.5,94.75,95,95,93.75,89.75,94.75,41.74902226,82.31425,77.2225,64.46575,108.1595,6.475,5.875,7,4.925,7.55,6.9,8.175,201.5,574.5,885.25,164.75,1533.25,686.75,846.5,31.33333333,1162.75,753.75,1800.75,805.25,995.5,0.8,2.175,0.675,3,3.181588291,90.06837605,87,90.06837605,87
China,14.04760948,24.97587709,769.8821411,1.67825,99,99,99,0,99,99,99,43.90771059,78.68525,74.1795,62.15675,96.6375,8.225,7.65,8.725,4.75,9.575,8.975,10.15,16946.25,24921.75,47812,17388,141436.25,61662.5,79773.75,5033.333333,81696.25,112073.25,165334,72118.25,93215.75,1.025,1.45,1.025,2.55,6.479856645,88.65756415,88.5,88.65756415,88.5
Colombia,11.85558039,34.94527495,1021.112651,1.8345,89.5,91.5,91.5,91.5,93.75,87.5,91.5,43.14344883,79.6055,74.0125,85.689,179.74425,12.8,11.325,14.275,8.1,14.9,13.2,16.5,1147.75,3936.75,5970.5,844.25,9474.75,4079.75,5395,620,6006.25,5543.25,11021.75,4770,6251.75,1.4,4.575,1.1,6.825,7.439335842,86.70377325,80,86.70377325,80
Comoros,5.100195307,70.24034196,121.0568772,4.383,94,91,91,91,90,0,92,41.67242768,65.3195,61.9095,200.649,251.378,53.35,48.35,58.05,32.25,70.7,65.1,76,51,60.5,89,137.5,1369,606,763,73.5,839.5,690,1805,811,994,2.75,3.7,6.6,6.05,25.83674309,66.87465,59,67.27444755,52
Congo (Brazzaville),4.720442219,75.89081028,184.8206062,4.524,81.4,75,75,75,74.4,0,75,48.9656001,64.9114,62.2374,239.2114,275.4296,37.38,33.54,41.1,20.42,52.24,47.76,56.46,499.8,597.4,973.6,659.6,6282.8,2779.4,3503.4,680,3463.4,2652.8,8716,3931.8,4784.2,4.18,5.94,4.66,11.48,15.379888,64.16216624,53.8,0,0
Congo (Kinshasa),5.953505912,91.22492523,37.65184784,6.016,73,57,57,57,57,0,58.33333333,48.37035476,61.529,58.518,227.8576667,276.6943333,69.83333333,63.4,76,28.5,90.76666667,83.63333333,97.5,21125.66667,32248.33333,28334,33021.33333,232528.3333,104179.3333,128349,16000,96856,97582,299096.6667,135942.3333,163154.3333,10.16666667,18.93333333,13.1,20.1,27.88337186,61.836339,57,0,0
Costa Rica,13.17529008,31.41244727,1243.498169,1.78025,88.5,94.75,96,94.75,94,90.75,94.75,38.57762575,82.46125,77.27675,58.296,110.374,7.55,7.025,8.05,6.2,8.85,8.15,9.475,73.25,226.25,396.75,54.25,535.75,243,292.75,19.66666667,437,323.5,628,282.75,345.25,1,2.925,0.775,4.75,4.551785625,90.1527701,80,90.1527701,80
Croatia,30.19813698,22.04582756,1664.610718,1.4275,98.25,93,92.75,93.25,91.25,95.5,93.25,46.35482822,81,74.75,51.67925,121.55025,4.15,3.775,4.525,3,4.875,4.425,5.325,23,65,102,22.5,159,70,89,3,114.25,117.5,188.5,82.5,106,0.6,1.425,0.5,2.1,3.080635056,91.1494993,90.25,91.1494993,90.25
Cyprus,18.99625266,24.11071025,2292.45459,1.34125,0,97.5,97,96.5,90,88,97,46.20650686,82.72925,78.45075,33.612,66.7645,2.05,1.875,2.25,1.475,2.55,2.35,2.775,6,19.5,40,7.25,26,11.75,14.25,1,18.5,34.25,32.5,14.5,18,0.45,1.25,0.55,2,2.685251926,93.72822995,85,93.72822995,85
Czech Republic,28.42046866,23.24235506,2572.3986,1.65,0,96.5,95.75,95.75,97.5,91.5,95.75,44.44964816,81.925,76.025,52.51733333,109.9446667,2.5,2.2,2.8,1.6,3.2,2.8,3.5,49.75,139.75,271,48,281.75,120,161.75,4,179.25,296,352.75,151.25,201.5,0.5,1.525,0.4,2.4,2.659581992,91.06011155,84,91.06011155,84
Denmark,30.48698702,25.96712905,5242.808919,1.745,0,95.5,0,95.5,94.25,85.75,95.5,47.29502345,82.875,79.025,51.5245,82.6855,3.425,2.975,3.875,3.2,4.025,3.425,4.525,22.5,68.5,112,20,205.5,86.75,118.75,2,192.75,124.25,239.5,100,139.5,0.325,1,0.3,1.425,2.054296874,91.05303405,87,91.05303405,87
Djibouti,6.625720698,46.92048463,146.698761,2.912,92,84,84,84,74,82,84,39.51351703,66.086,62.399,228.307,275.191,54.3,49.4,58.9,33.5,65.3,59.7,70.7,102,212,315,160,1128,504,624,52,701,650,1362,611,751,5.6,11.7,8.9,17.9,30.0813356,68.223661,80,70.445639,80
Dominican Republic,10.47659608,43.81590809,923.6832682,2.37625,99,87.5,83.5,79,89,31,84.5,39.67381814,76.869,70.5015,117.13225,201.17175,25.075,22.6,27.4,20.725,30.075,27.15,32.825,296.75,894.75,1672.5,301.75,5203.5,2292.25,2911.25,200,4312.75,2360.25,6246,2753,3493,1.525,4.625,1.55,8.75,11.20461646,81.1784662,80,81.1784662,80
Ecuador,10.63308547,44.18519441,960.602417,2.463,87.5,82.75,82.75,82.75,83.5,71.75,82.75,40.64621758,79.33525,73.71875,85.61,159.79825,12.625,11.025,14.125,7.575,14.675,12.925,16.3,618.5,1272.75,1983.5,486,4201,1793,2408,203.3333333,2530.5,3096.5,4872.75,2095.25,2777.5,2,4.075,1.55,6.65,9.169739081,85.36865725,80,85.36865725,80
Egypt,8.442610244,54.95835905,595.7037354,3.3855,93.25,94.25,94.25,94.25,93.75,94,94.25,23.56031038,73.8645,69.3745,108.057,185.34825,18.875,17.55,20.125,12.175,22.175,20.8,23.45,3889.25,5767.75,6239.5,4925,48887.75,22062.5,26825.25,980,31674.5,25352.25,57202,26028,31174,2.2,3.4,2.375,3.8,9.657201521,80.84587065,62.75,0,0
El Salvador,12.47333521,43.09617482,588.1420288,2.0695,87.5,87.5,87.5,87.5,87.75,86.5,89.75,41.95665764,77.29725,67.89825,101.853,260.36725,12.475,11.15,13.75,7.175,14.475,12.975,15.975,247.5,1303,1431,134.25,1471.5,641.5,830,55.66666667,847.25,1268.25,1712.25,746.5,965.75,2.05,9.975,1.15,11.2,10.63708842,83.4085592,80,83.4085592,80
Estonia,29.73972893,25.10049856,2009.623901,1.61,94,92.75,92.25,92.75,91.5,90.75,92.75,48.41213161,82.425,73.575,62.038,164.201,2.225,2,2.425,1.25,2.825,2.55,3.125,9,23.75,41.75,9,30.5,13.5,17,1,17.5,33.75,39.5,17,22.5,0.675,2.05,0.575,2.9,2.444763833,90.5721202,87,90.5721202,87
Ethiopia,6.32093766,75.38430198,66.04214732,4.4045,71.5,66.75,66.25,66.25,56.75,0,73,46.32728092,67.56325,63.794,191.415,243.15825,40.425,34.8,45.875,30.15,57.5,51.2,63.55,14249,21594.5,19074.5,19610.5,138238.75,58358,79880.75,14666.66667,104352.75,92761,194525.5,84939,109586.5,5.325,8.8,6.85,9.1,26.06692899,69.9659577,68.5,69.9659577,68.5
Finland,33.50953442,25.96300001,4155.913981,1.53,0,92.25,0,92.25,94.75,90,92.25,48.07741932,84.45,78.825,43.85125,92.1415,2,1.8,2.15,1.4,2.425,2.2,2.65,25.5,94.75,179.75,22.5,107.25,47.5,59.75,2,74,108.25,132.75,58.5,74.25,0.4,1.575,0.375,2.65,2.028546102,92.8106119,87.25,92.8106119,87.25
France,31.21786615,29.12733692,4847.481445,1.915,0,96.25,89.75,95.25,90.25,80.5,96.25,47.82041317,85.75,79.5,48.61433333,98.27433333,3.575,3.2,3.875,2.475,4.25,3.8,4.65,333,878.25,1450.5,286.75,2662,1171.25,1490.75,59.33333333,1838.75,3193.25,3174.5,1395.25,1779.25,0.4,1.125,0.375,1.95,4.280889629,92.33010085,83,92.33010085,83
Gabon,6.020881409,61.45118026,513.2421265,4.02,93,75,75,75,63.5,0,72.75,40.2022271,67.56625,63.684,204.5415,249.20575,33.925,29.9,37.725,21.45,46.375,41.8,50.7,303.25,276.75,310.5,289,2187.25,951.75,1235.5,170,1402,946.75,2942.75,1307.75,1635,7.425,7.6,5.9,8.375,14.26436895,70.3086288,51.5,70.3086288,51.5
Gambia,0,0,0,0,0,0,0,0,0,0,0,0,0,0,0,0,0,0,0,0,0,0,0,0,0,0,0,0,0,0,0,0,0,0,0,0,0,0,0,0,0,0,0,0,0
Georgia,22.11333981,29.36885338,763.8947754,2.05775,96.75,92.5,92.5,90.75,95.5,90.5,91.75,45.01727402,77.707,68.85875,79.002,226.0905,9.025,7.9,10.075,5.9,10.125,8.9,11.275,59.75,128,221.25,64,503,213,290,15,327.5,341.25,566.75,241,325.75,1.3,2.775,1.2,4.175,6.117812772,86.85125415,77.25,86.85125415,77.25
Germany,32.6916507,20.53471381,5614.307943,1.56,0,93,87,92,97,93,93,46.34108718,83.325,78.55,49.248,89.65066667,3.3,3,3.55,2.3,3.9,3.55,4.2,320.75,964.25,1414.5,280,2461.75,1096,1365.75,42.66666667,1751.75,2025,2900.75,1292,1608.75,0.4,1.15,0.4,1.575,2.659648846,92.08605395,87,92.08605395,87
Ghana,5.144863708,64.1933832,160.0495504,3.95525,97,94.25,94.25,94.25,91.25,76,93.75,46.42332848,64.308,62.27425,219.5425,259.5535,36.825,32.675,40.725,24.75,51.2,46.05,56.075,3253.5,4738.75,4274.5,4750,31544.5,13649.75,17894.75,2700,21441,20112.25,43586.5,19110.75,24475.75,4.95,7.925,6.525,7.975,22.70042813,65.70530525,32,65.70530525,32
Greece,32.97414607,22.18356569,2240.502848,1.3525,0,99,96,99,97,83,99,44.01358786,84,78.875,43.21425,96.09425,3.75,3.425,4.05,2.575,4.275,3.9,4.575,52.5,133,216.5,47.5,324.5,144,180.5,2.666666667,218.75,273.5,372.5,165.75,206.75,0.5,1.25,0.45,2,3.20628297,93.2628134,86.75,93.2628134,86.75
Guatemala,7.751768756,58.91939952,472.3688456,2.948,86.25,80.5,80.5,80.5,84,74,84.5,33.28663139,76.6045,70.659,111.6945,209.0295,22.525,19.9,25.025,13.275,26.775,23.9,29.55,839,2403.5,2962.75,678.25,9403.5,4059.5,5344,413.3333333,5583.25,5779.5,11158,4857,6301,2.15,6.4,1.75,8.725,13.55962491,81.75246525,80,81.75246525,80
Guinea,5.508803722,84.41820247,102.4984411,4.816,72.75,47,46.5,46.5,47,0,47.75,54.45746187,60.84925,59.7665,240.689,267.364,66.875,60.525,72.95,31.275,104.35,98.05,110.375,2102.75,3986,4391.5,4765.75,29038.25,13011,16027.25,2766.666667,13828.5,11557.25,44836,20831.25,24004.75,6.65,14.3,13.5,18.9,25.46072516,61.0741449,62.75,61.0741449,62.75
Haiti,7.797223946,55.0706303,149.6633352,3.015,83,64,64,64,69,29.66666667,64,47.32122133,65.2425,60.93525,206.5635,268.1145,51.3,46.05,56.275,26.475,67.575,61.7,73.125,1151,1647,2540.5,1705,13866.5,6080.25,7786.25,1300,7206,5683.25,18305.75,8164,10141.75,4.85,7.3,6.875,12.15,20.44933523,66.70683845,74.25,66.70683845,74.25
Honduras,7.17437625,52.09629377,380.168752,2.51825,94,92.75,92.75,92.75,94.25,94,92.75,36.94804193,77.10675,72.4645,117.94975,170.43175,15.675,13.875,17.425,9.975,18.3,16.225,20.275,548.25,868.25,1183.5,423.75,3218,1387.25,1830.75,133.3333333,2054.75,1842,3752.5,1624.5,2128,2.625,4.175,2.075,6.25,8.861988145,81.97917355,80,81.97917355,80
Hong Kong,22.11406774,15.772802,0,1.1495,0,0,0,0,0,0,0,48.92890668,87.475,81.725,34.066,63.7505,0,0,0,0,0,0,0,0,0,0,0,0,0,0,0,0,0,0,0,0,0,0,0,0,0,94.5962095,87,0,0
Hungary,27.20620633,21.4007076,1908.995971,1.5175,99,99,0,99,99,99,99,45.61351482,79.4,72.525,82.07366667,172.6546667,3.8,3.45,4.1,2.425,4.55,4.2,4.9,58.25,141.5,237.25,42.75,344.75,154.25,190.5,11,222.75,330,414.25,185,229.25,0.6,1.4,0.45,2,3.604818613,87.01226075,89.5,87.01226075,89.5
Iceland,21.69947589,30.55657154,4337.361491,1.74,0,90.75,0,90.75,92.25,94.75,90.75,47.26376197,84.175,81,40.683,66.601,1.7,1.55,1.8,1.075,2.125,1.975,2.3,1,6.25,7.5,1,7.25,3,4.25,0,4.5,8,9,4,5,0.3,1.5,0.25,1.575,1.946801172,93.5237544,87,93.5237544,87
India,8.875918785,41.77317696,235.6896515,2.2565,90,88.5,88.5,76,89.5,76.75,87.75,20.41105919,70.2735,67.863,140.83625,210.11725,32.275,32.4,32.15,24.225,39.8,40.925,38.75,75532,110095.25,154155.5,80535.75,781163.75,373783.5,407380.25,36666.66667,587922.25,386168.75,967326.5,474013.75,493312.75,2.975,4.425,3.2,6.425,15.65505527,74.00379105,64,74.00379105,64
Indonesia,8.331491788,40.14562823,354.6620992,2.3495,91.25,84.5,84.5,84.5,88.5,54,86.25,38.60725341,73.37975,69.024,138.99325,197.3755,22.1,19.55,24.5,13.675,26.25,23.375,28.975,9836.5,23384.25,23765.5,15981.5,108076.5,46715,61361.5,9033.333333,66951.25,49451.5,128671.25,55921,72750.25,2.1,5.05,3.45,5.5,10.00786134,79.1114824,50.25,79.1114824,50.25
Iran,39.73995,43.51845352,8.700296892,34.81815663,1597.857137,2.09425,99,98.8,98.8,98.8,99,98,98.8,19.00103866,77.30325,75.097,57.93075,95.65775,12.88,12.2,13.52,9.26,14.96,14.3,15.58,2231.4,5027,6764.4,2437.4,19508,9004.6,10503.4,250,14083.4,10802.8,22559,10498,12061,1.92,4.58,1.9,5.4,7.040420224,0,0
Iraq,5.529902205,67.1721835,494.7597046,3.8175,93.75,77.5,77.5,77.5,79.75,80.75,76.5,14.76554764,72.23725,68.17125,128.07325,192.41125,23.55,21.175,25.825,16.6,28.15,25.325,30.8,4213,6619.25,8102,4136.5,25817.5,11236.75,14580.75,880,18336.5,13940.25,30706,13388.75,17317.25,4.95,8.425,4.375,11.525,12.47360892,78.37811655,47.75,78.37811655,47.75
Ireland,20.50264551,33.31513401,5299.351237,1.795,47.5,94.75,94.75,94.75,92.25,0,94.75,45.5426845,83.775,80.075,44.75,72.57266667,3.05,2.8,3.35,2.3,3.55,3.25,3.85,23.5,59.5,98.75,23.5,199.5,88.5,111,3.666666667,148,196.25,234.25,103.5,130.75,0.375,1.05,0.3,1.85,3.030761336,92.2708822,87,92.2708822,87
Israel,19.18071021,46.15277876,2832.293783,3.1,0,96.25,96,96.25,97.75,96.5,96.25,47.18111084,84.425,80.575,39.6625,71.93,3.1,2.85,3.3,2.025,3.8,3.525,4.1,68,157.5,192,67.5,520.5,234.25,286.25,5.666666667,342.25,477,642,289.5,352.5,0.5,1.2,0.45,1.65,2.810578715,93.50429915,87,93.50429915,87
Italy,34.87676882,21.1055105,3464.102783,1.325,0,94.25,93.75,93.5,89.25,85,94,42.38536376,85.325,80.825,0,0,2.875,2.6,3.075,2.05,3.35,3.075,3.6,262.25,605.5,921,205.25,1376,611,765,8,977.75,1211.25,1628.25,725,903.25,0.475,1.1,0.4,1.525,2.535046278,93.92579265,87.25,93.92579265,87.25
Ivory Coast,5.153926076,76.97000939,165.3056386,4.73125,90.75,83.75,83.75,83.75,71.5,0,81.5,41.21234971,58.06475,55.6195,359.3075,398.40225,63,55.5,70.175,34.625,86.575,77.775,94.9,6567,6416.75,7359.25,10060.25,53889.75,23438,30451.75,5500,30172.25,21549.5,73172,32450.75,40721.25,10.825,11.875,14.975,16,24.09921689,52.4343483,59.25,0,0
Jamaica,12.87545218,35.97350897,512.9805298,2.00175,95.25,95,94.75,95.25,92.5,86.25,95.25,45.7314985,75.833,72.676,100.42575,166.24925,12.875,11.275,14.375,10.7,14.95,13.1,16.725,74.75,199.25,305.75,59.75,614,262.75,351.25,38,510,645.25,715,306,409,1.575,3.775,1.325,5.725,13.35172366,82.9719734,80,82.9719734,80
Japan,44.47867846,21.308453,4452.371419,1.435,93.5,98,0,98.25,96.5,93.5,98.25,43.3386746,87.1775,81.0175,36.588,68.306,1.925,1.85,2,0.9,2.65,2.5,2.775,462.75,1164,2143.75,424.5,1915.25,887,1028.25,46.66666667,875.75,1666.25,2661.75,1224.25,1437.5,0.4,1,0.4,1.75,1.691592861,94.36252905,87,94.36252905,87
Jordan,6.22105138,57.57155922,703.6113688,2.90875,97.5,98,98,98,93.75,97.5,97,17.7945594,75.9945,72.583,90.75225,125.71375,14.45,13.1,15.775,9.925,16.85,15.3,18.3,343,450.5,562.25,401,3156,1392.75,1763.25,103.3333333,2160.25,2010.75,3673.5,1626,2047.5,1.575,2.3,1.725,3.175,9.13719842,84.6162219,80,84.6162219,80
Kazakhstan,10.73290979,42.00205051,808.2182618,2.766666667,95,92.66666667,92.66666667,92.66666667,99,98.33333333,92.66666667,48.31996261,76.89666667,68.14666667,101.3546667,238.887,9.833333333,8.533333333,11.06666667,5.133333333,11.03333333,9.6,12.43333333,375.6666667,685,1315.666667,494.3333333,3827.666667,1604.666667,2223,43,1989.333333,2239.666667,4292.333333,1804,2488.333333,1.533333333,3.133333333,1.433333333,4.7,5.720804522,83.90910767,97.66666667,84.13975425,98.25
Kenya,3.879357629,71.0755911,158.2664846,3.623,92.5,88,88,88.25,92.5,35,86,48.7330048,67.94,63.24675,182.68975,259.7975,34.125,30.625,37.45,22.1,47.1,43.025,51.025,5905.5,7592.25,9457,8028,49901.5,22096.75,27804.75,5100,32532.75,29495,68961.75,31064.75,37897,4.7,6.9,5.8,10.15,19.64235016,69.720944,51.25,69.720944,51.25
Kosovo,0,0,0,2.0425,0,0,0,0,0,0,0,0,74.05,69.625,0,0,0,0,0,0,0,0,0,0,0,0,0,0,0,0,0,0,0,0,0,0,0,0,0,0,0,0,0,0,0
Kuwait,3.045553847,27.99928802,3215.743815,2.0825,97.5,97,97,97,97.25,97,99,26.34316373,76.31825,74.53675,42.44525,70.58675,7.2,6.525,7.8,4.75,8.4,7.6,9.125,51.25,94.75,141.25,54.25,427.75,189.75,238,7,282.5,354.5,500.5,222,278.5,1,2.175,0.9,3.325,5.968560766,89.7067253,87,89.7067253,87
Kyrgyzstan,34.37085,57.56389344,6.997334754,50.56655868,242.0736389,3.15,96.8,94.8,94.8,94.4,96.6,96.8,95,39.49921474,75.225,67.075,97.50375,218.3205,18.06,15.96,20.06,13.46,20.22,17.92,22.46,179.4,282.4,434.8,185.4,2861,1228.4,1632.6,101.6666667,2129.8,1133,3208,1379.6,1828.4,1.7,2.8,1.4,3.92,7.125615015,0,0
Laos,6.263402765,52.67716284,152.8065719,2.738,80,71.66666667,71.66666667,71.66666667,72.66666667,57,71,49.05489608,68.82,65.251,166.646,212.364,40,35.36666667,44.4,23.53333333,50.73333333,45.6,55.56666667,762.6666667,744,1092,641.3333333,6624.333333,2859,3765.333333,340,3928.666667,3000,8408.333333,3691,4717.333333,5.233333333,5.233333333,4.133333333,7.8,17.6726827,72.81991867,45.33333333,0,0
Latvia,30.53217128,23.9011084,1562.127604,1.6825,95,96.5,96.5,96.5,95.75,91,96.5,49.87521191,79.625,69.85,86.26133333,230.9083333,3.75,3.45,3.975,2.3,4.4,4.025,4.75,15,40.5,80,17,77.75,34.75,43,4.666666667,47.25,73.25,91.75,40.5,51.25,0.775,2.5,0.8,3.675,3.502492187,86.16422975,87,86.16422975,87
Lebanon,9.982752709,40.17508587,1127.078817,2.09775,0,83,80,85,82,63,81,24.3152723,80.774,77.0175,50.4565,70.569,6.725,6.425,6.975,4.55,7.85,7.475,8.25,128.75,305.75,383.25,117,760.5,355.75,404.75,33.33333333,522,768.75,878,407.25,470.75,1.1,2.5,1,3.125,6.660205503,90.55949715,87,90.55949715,87
Lesotho,7.822323849,53.18956554,255.9920655,3.176666667,95.66666667,85.66666667,85.66666667,85.66666667,91,82,86.33333333,45.3098693,55.80466667,49.466,448.32,551.589,70.9,63.76666667,77.76666667,43.46666667,89.8,82.06666667,97.2,165.6666667,474,778.3333333,238.6666667,3990.333333,1773.666667,2216.666667,320,2471.666667,1666.333333,5076,2293,2783,3.733333333,10.9,5.4,18.73333333,28.47083548,45.11951713,51,44.8765063,50.5
Liberia,5.823043744,75.46385926,120.3624293,4.42575,90.75,83,83,83,83,0,83,47.31601555,64.42,61.63075,213.52475,253.14,64.725,58.625,70.45,32.975,88.65,82.075,94.8,929.5,1965.5,875.25,1153.25,9955.5,4396.5,5559,1033.333333,5155.25,3960.75,13542.75,6106.75,7436,8,19.65,8.9,10.725,24.68042095,65.88286435,49.5,65.88286435,49.5
Libya,6.423861065,42.65688645,0,2.2975,92.75,90.75,90.75,90.75,90.5,89.75,90.75,34.10983976,75.5365,69.562,96.9275,173.21375,10.8,9.575,11.95,7.075,12.6,11.275,13.875,293,507,693.75,257,1404.25,604.5,799.75,93.66666667,916.75,1189.25,1646.5,715.25,931.25,2.5,4.625,2,6.3,9.120924633,83.5381149,50.5,83.5381149,50.5
Lithuania,28.98954024,22.25118913,1997.732259,1.6625,97,93.25,94,93.25,93.5,92,93.25,50.39995483,80.25,70.075,81.76733333,233.5916667,3.7,3.375,3.975,2.225,4.5,4.125,4.925,23.25,75.5,144,19.5,111,49.5,61.5,2.666666667,67,88.25,137.25,60.5,76.75,0.875,2.5,0.7,3.775,2.944786188,87.3502873,87,87.3502873,87
Luxembourg,20.18039084,23.13142012,5819.480794,1.4125,0,99,94.5,99,99,87,99,45.4394823,84.775,80.025,38.82133333,70.855,2.35,2.1,2.55,1.5,2.85,2.575,3.125,1,6.25,8,1,15,6.25,8.75,0,9.75,22,18,8,10,0.2,0.9,0.2,1.05,3.455251163,92.5786707,87,92.5786707,87
Madagascar,5.196026511,73.5464769,87.04162343,4.158,70,73.75,73.75,73.75,59.75,0,73.25,48.83205352,67.70175,64.54325,186.832,237.43075,39.075,34.925,42.975,21.175,55.075,50.225,59.75,4834.75,6485.75,5894.75,7784.75,32079,14156.25,17922.75,2866.666667,17666,14240.5,44683.75,20078,24605.75,7.725,11.5,11.25,12.3,16.76534801,70.50095725,52.5,70.50095725,52.5
Malawi,5.002843443,84.17896019,112.8302383,4.36125,89.25,88,88,88,84.5,52,87.25,48.65708536,66.03225,59.82275,224.06175,337.256,34.55,30.6,38.275,21.55,48.65,43.625,53.35,2233.5,3054,4123.5,4427.75,20819.75,9103.25,11716.5,2166.666667,13134.25,10476.25,29155,12912,16243,4.825,7.8,8.35,12.375,16.89451335,66.63145405,47.75,66.63145405,47.75
Malaysia,9.141335017,35.48776549,1077.738118,2.02825,98.75,98,98.5,98,93.75,96.25,98.75,38.19961895,77.9195,73.80425,84.05125,157.495,7.05,6.45,7.625,4.35,8.25,7.55,8.875,748,1837.5,2078,570.25,3661.75,1625.25,2036.5,150,2285.25,2684.5,4263.5,1898,2365.5,1.45,3.3,1.2,3.6,5.106316949,86.520386,87,86.520386,87
Mali,5.066593818,96.08597593,82.92619069,6.01175,81.5,75.25,75.25,75.25,69,0,70.75,43.77753596,58.93075,57.487,251.246,269.9775,64.375,58.45,69.9,33.8,102.975,97.025,108.5,4242.25,4050.25,3880,8669.25,48933.25,21717.25,27216,4533.333333,26146.5,16133.25,77231,35528.5,41702.5,8.675,10.325,14.725,12.3,20.39148019,58.45097815,66.75,58.45097815,66.75
Malta,29.63694212,21.51798728,3626.345459,1.3075,0,97.25,94.5,97.25,92.25,88.75,97.25,39.81333221,84.425,80.25,35.842,65.36475,6.125,5.6,6.675,4.725,7.075,6.425,7.65,2.25,5.25,8.5,1,25.75,11.5,14.25,0,20,13.75,29.75,13,16.75,0.6,1.15,0.275,1.55,3.186190261,93.45694125,88.25,93.45694125,88.25
Mauritania,5.530361623,71.28503178,169.8659515,4.64925,87.75,77.25,77.25,77.25,74.5,0,75.5,31.41478675,65.93925,62.679,178.62,223.1735,53.2,47.45,58.625,33.8,79.025,72.675,84.95,220,921.5,1077.75,634.75,7590.25,3306.75,4283.5,1100,4902.5,3375.75,11128.25,4995.25,6133,2.25,10.6,5.625,13.95,22.73817777,68.8078349,56,68.8078349,56
Mauritius,15.14615868,26.33459068,1212.83667,1.4025,98.5,96,90.5,96.5,94.75,95.5,96.75,39.04824866,77.79,71.21,94.5535,190.95,13.1,11.725,14.425,9.3,14.825,13.375,16.2,18.5,55,95.5,13.5,172,75.25,96.75,9,121.5,130.75,195.75,86.25,109.5,1.025,2.925,0.9,4.675,9.921913003,84.6211858,80,84.6211858,80
Mexico,10.56514352,41.12368909,1027.210856,2.17175,96.75,88.25,72,88.25,91.5,88.75,89,37.54088708,77.8335,72.027,83.044,151.172,13.25,11.9,14.575,8.475,15.45,13.9,16.85,3288,8908.5,13938.75,2521.75,29770,13026,16744,773.3333333,18991.5,15296.75,34661,15256.25,19404.75,1.475,4.025,1.125,6.325,6.777903816,84.04737565,80,84.04737565,80
Moldova,14.58393599,21.52346703,490.6650289,1.26025,96.5,89.25,90.25,88.75,90.75,93.25,90.75,49.24216123,75.93175,67.37925,97.1415,240.475,13,11.475,14.45,11.25,15.15,13.4,16.775,60.75,129.75,244.25,54.75,551,236,315,8.666666667,473.25,302.25,643.75,277,366.75,1.5,2.875,1.225,4.05,7.139487446,82.75481,87,82.75481,87
Mongolia,5.976792283,44.70692726,525.6282959,2.9125,99,99,99,99,98.5,96,99,45.55260737,73.67525,65.37325,126.2085,292.359,15.675,13.45,17.75,9.125,18.25,15.825,20.6,106.75,190,310.5,131.25,1204.25,511.25,693,35.33333333,702,429.25,1399,598.5,800.5,2.3,4.275,2.15,5.95,5.537401331,78.85145255,32.75,78.85145255,32.75
Montenegro,21.33912661,27.21947635,0,1.734,87.25,87.75,75.5,87.75,52.75,87.25,87.75,44.34943211,79.054,74.15075,67.85775,128.2055,2.65,2.5,2.775,1.725,3,2.825,3.2,4,10.75,19,4.5,19.25,8.75,10.5,0,12.75,28.75,22.5,10,12.5,0.5,1.325,0.575,2.2,3.894677988,88.7436326,87,88.7436326,87
Morocco,10.13426257,41.79517609,419.0499675,2.46975,99,99,99,99,99,98,99,24.47092163,77.31775,74.81625,64.06075,74.08575,20.35,18.15,22.425,15.1,23.7,21.3,26,638,2176.5,2623.75,1136,14109.5,6110,7999.5,500,10470,10425.5,16466.75,7184,9282.75,1.05,3.7,1.775,4.325,14.82176498,88.15802315,87,88.15802315,87
Mozambique,5.560851086,86.43309659,62.34807396,4.945333333,94,88,88,88,87,52,88,52.23977604,61.65933333,55.90066667,279.488,367.1293333,58.6,54.36666667,62.73333333,29.96666667,80.6,75.73333333,85.3,5786,6538.333333,11424,7416,62158.66667,28595,33563.66667,3200,32354.66667,25403.33333,84527.66667,39389,45138.66667,7.733333333,10.33333333,8.733333333,21.93333333,22.95923361,59.12570253,50,58.8588007,49.25
Myanmar,8.104541756,40.17422559,280.4014486,2.1755,90.75,89.75,89.75,89.75,87.75,82.75,89.5,40.95713837,69.43825,63.19325,160.02225,230.96375,38.825,34.525,42.85,23.875,49.05,44.325,53.475,2546.75,3665.75,5724.25,2827.75,36533.25,16052.5,20480.75,2333.333333,22583,14085.25,46321.75,20669.25,25652.5,2.475,3.625,2.95,6.125,14.67054199,73.9250125,70.5,73.9250125,70.5
Namibia,6.173755569,62.05755983,930.5329895,3.446333333,92.33333333,87.33333333,87.33333333,87.33333333,79,41,83.66666667,48.71682877,65.805,60.009,249.0356667,345.3203333,31.86666667,28.5,34.96666667,19.76666667,44.7,40.63333333,48.6,275.3333333,393,698.3333333,387.3333333,2210.333333,987.3333333,1223,140,1382,1071.333333,3090.333333,1399.333333,1691,5.3,7.933333333,6.466666667,14.36666667,15.08236478,64.23592753,62,63.58022415,62.75
Nepal,9.012486249,51.00522598,153.2698415,2.00225,94.5,89.75,89.75,89.75,87.25,51,89,55.83520149,71.42025,68.558,129.542,170.086,28.025,25.55,30.35,21.375,33.975,31.625,36.225,1711.5,3365.5,3673.5,2133.25,15870,7022.75,8847.25,1200,12110.75,10681.75,19327.5,8735,10592.5,2.725,5.05,3.7,6.525,18.48678592,77.28519355,75.75,77.28519355,75.75
Netherlands,28.58037424,25.31128007,5340.809082,1.6325,0,94.25,92.75,94.5,93.75,90.5,94.25,46.10888181,83.3,80.1,50.256,66.1255,3.4,3.1,3.75,2.6,4,3.6,4.4,83,203.5,294.75,63,594.75,261.5,333.25,9.666666667,451.25,405.25,699.75,306.75,393,0.4,1,0.325,1.4,2.338295445,92.69837515,87,92.69837515,87
New Zealand,23.30166053,30.41636805,3636.549561,1.845,0,92.75,92.75,92.25,92.5,89,92.75,47.39723535,83.4175,79.96,0,0,4.3,3.9,4.675,2.925,5.2,4.675,5.625,36,126.5,172.25,27.5,258.5,114,144.5,5.666666667,175.75,170.25,312.25,137.5,174.75,0.6,2.05,0.425,2.55,2.827810495,92.08856795,87,92.08856795,87
Nicaragua,7.751438944,47.81046595,472.2343648,2.44225,98,98,98,98,99,89.5,99,38.67273237,77.42125,70.46675,102.93475,192.3655,15.725,13.725,17.625,11.25,18.35,16.1,20.475,266.25,505.75,752,193.25,2120.25,903.5,1216.75,136.6666667,1518.25,1536,2477.5,1061.25,1416.25,2.1,4.175,1.475,6.25,11.26308186,82.89605395,80,82.89605395,80
Niger,5.466443101,105.8894075,70.02878189,7.0425,91,82,82,82,80,35.25,82.25,42.51222094,62.5205,60.2385,228.84,257.347,49.85,45.325,54.175,25.625,88.55,84.6,92.425,8900.5,5041,6282.5,12135,48443.5,21504.5,26939,5200,25463.5,20378.5,83547.75,38865,44682.75,15.6,11.1,17.225,17.55,20.08003195,63.49381755,53.75,63.49381755,53.75
Nigeria,5.156313633,82.72102098,217.7056427,5.4905,62.75,51.5,51.5,51.5,50.25,0,51.5,45.00788497,54.61725,52.8795,331.0155,369.4405,77.75,70.725,84.55,36.75,123.65,116.75,130.3,39035.5,35258.25,36631.25,78461.5,555218.5,245389.25,309829.25,66666.66667,267536.5,169063,874032.25,400743.25,473289,8.3,8.975,14.15,11.175,22.68279546,49.92068485,23.5,49.92068485,23.5
North Macedonia,18.6211246,23.77853357,916.3123169,1.5025,95.75,92.25,92.25,91.5,82.25,94.25,92.5,39.07524609,77.596,73.539,66.00775,123.44525,9.35,8.65,10.025,7.7,10.675,9.8,11.5,18.25,35.5,49.75,13.5,215,96,119,2,176.5,124.25,246,109.25,136.75,0.8,1.375,0.6,1.7,5.402201459,88.09266825,80,88.09266825,80
Norway,25.46712522,27.06818911,6268.918783,1.6525,0,95.75,0,95.75,95.75,91.5,95.75,47.07451176,84.3,80.825,40.4975,64.02625,2.1,1.9,2.325,1.525,2.6,2.325,2.875,25,75,132.75,20.5,124.75,54.75,70,1.666666667,89.75,150.25,154.25,67,87.25,0.4,1.15,0.3,1.9,2.540143955,92.8316941,87,92.8316941,87
Oman,3.003780008,28.77147735,1833.011353,2.939,99,99,99,99,99,98,99,13.24649951,79.401,75.133,68.919,109.456,9.6,8.6,10.6,5.2,11.2,10.1,12.3,61,129,258,76,820,358,462,16,448,476,940,413,527,1.3,2.7,1.3,3.3,5.453222875,87.5274768,87,87.9348043,87
Pakistan,7.177581352,59.23911013,148.3467102,3.586,86.25,74.25,74.25,74.25,74.75,63.75,74.25,21.03680151,67.8305,65.94775,139.63625,176.6265,59.65,54.2,64.9,43.7,72.725,68.05,77.175,17944.25,27516.25,22931.5,23725,347435.75,151075,196360.75,8566.666667,258282,196310.25,421245.25,188700.75,232544.5,3.975,6.425,4.9,5.725,32.12218619,72.55134365,63.5,72.55134365,63.5
Panama,12.09126013,42.43570767,1663.131836,2.5005,99,82,82,82,96,94.25,81.75,39.58327584,81.3025,74.98125,78.0775,147.87875,13.9,12.3,15.35,9.325,16.125,14.375,17.8,124.25,281,415.5,110.5,1094,474.5,619.5,43.33333333,737,649.5,1271,552.5,718.5,1.75,4.05,1.475,6.25,8.147492805,87.1994473,80,87.1994473,80
Paraguay,9.620210516,46.761649,834.0391642,2.46725,94.25,90.75,90.75,90.75,87,81,91.5,39.68405365,75.98425,71.9645,123.5375,164.44025,18.05,16.15,19.85,11.8,21.15,18.925,23.225,279.5,613.75,900,128.5,2560.75,1117.25,1443.5,186.6666667,1681.5,1602,2999.75,1311.25,1688.5,2.1,4.5,0.95,6.75,11.11289454,80.8587143,87,80.8587143,87
Peru,11.75150851,41.00063028,662.9351807,2.28725,86.5,86.5,86.5,86.5,87,65.25,85.5,45.76282988,78.8845,73.50125,91.227,150.3205,11.4,10.225,12.525,7.075,14.675,13.225,16.05,859,1311,2385.75,873,6491.75,2841.5,3650.25,520,4045,4330.75,8380.5,3684.5,4696,1.55,2.45,1.5,4.35,7.527214561,85.9360816,80,85.9360816,80
Philippines,7.648062585,49.87261985,344.3911845,2.68475,81.75,70.75,70.75,70.75,75.5,46,72.75,38.98422233,75.20125,66.887,134.46275,254.19575,22.875,20.225,25.425,14.075,28.95,25.825,31.975,4433.75,7331.75,11415.5,4827.5,51086,21916.75,29169.25,2800,31364.75,24420,65130.5,28181.5,36949,2.075,3.55,2.175,5.8,10.84525281,79.33929655,56,79.33929655,56
Poland,24.29727269,21.74784448,1830.136678,1.4125,92.75,96.75,93.75,96.75,94.75,93,90.25,44.65650191,81.775,73.75,62.638,162.2785,3.975,3.65,4.35,2.825,4.65,4.25,5.075,226.75,705.75,1348.25,187.25,1500.5,664.75,835.75,8.666666667,1060,879.5,1752.25,774.75,977.5,0.625,1.875,0.475,2.9,2.339540683,89.84572825,87,89.84572825,87
Portugal,32.92853792,21.22973427,2792.524414,1.3675,32,98.25,98,98.25,98.25,95.25,98.25,48.90913718,84.425,78.225,42.442,103.994,3,2.7,3.275,2.05,3.625,3.3,4,50.75,116.5,181.25,41,247.25,108,139.25,6.666666667,169,206.25,303.75,132.5,171.25,0.5,1.1,0.425,1.675,2.513300134,93.4530904,87,93.4530904,87
Puerto Rico,25.91491011,27.65222958,0,1.2425,0,0,0,0,0,0,0,42.47115583,83.15,76.014,64.414,149.804,0,0,0,0,0,0,0,0,0,0,0,0,0,0,6,0,0,0,0,0,0,0,0,0,0,90.0151378,87,90.0727547,87
Qatar,1.38020356,15.81710789,3745.889404,1.897,98,98,98,98,99,92.75,98,13.52643042,81.6765,78.76475,42.71875,58.8185,6.25,5.775,6.75,3.75,7.3,6.75,7.85,16.5,45.75,90,19.75,160.75,72.5,88.25,2,97.5,149.25,186.25,84,102.25,0.8,2.05,0.8,1.7,5.713523093,91.8794211,87,91.8794211,87
Romania,26.40700791,23.15809682,1207.473185,1.695,93.75,86.5,91.25,86.5,87,78,86.5,43.05948283,78.975,71.6,75.08875,175.56225,6.9,6.15,7.65,3.9,8.325,7.425,9.175,222.25,441.5,594,180.5,1334.25,577.75,756.5,39,749.5,662.75,1618.75,703.25,915.5,1.075,2.1,0.85,2.725,3.432288802,87.4747254,87,87.4747254,87
Russia,20.59203918,25.46237184,1330.670776,1.68225,95.5,97,97,0,98,97,96.5,48.48493528,77.295,66.92,0,0,6.2,5.55,6.825,3.375,7.225,6.45,7.975,1901.75,4206.75,8937.75,1736.5,11643,5053.5,6589.5,333.3333333,6358,7974,13600,5899.25,7700.75,1.3,3.2,1.025,5.5,4.23266841,83.43939885,99.5,0,0
Rwanda,4.936481177,70.7108992,128.7481562,4.103,98.25,97.75,97.75,97.75,96.75,92,98.25,51.57418891,70.1425,65.9715,168.3525,222.8525,29.05,26.15,31.825,17.025,38.525,35.025,41.85,1437,1587.5,2092.5,1853,10946,4884.75,6061.25,983.3333333,6493.75,6902.75,14364.25,6472.5,7891.75,5.025,6.35,5.775,9.625,17.7590395,74.0176836,80,74.0176836,80
Saudi Arabia,4.426864296,35.58013025,3084.223796,2.4085,97.75,97.5,97.75,97.5,97.5,96.25,97.25,16.31436134,76.43475,73.61075,76.9865,95.2615,6.55,6.175,6.9,4.25,7.675,7.25,8.05,491.75,2354.75,2976.25,529.25,3980,1853.5,2126.5,103.3333333,2570.75,3259.5,4658.5,2178.75,2479.75,0.975,5.125,0.95,5.875,5.354955242,85.1159297,87,85.1159297,87
Senegal,5.726840308,80.69484384,139.6687622,4.73325,93.5,89.25,89.25,89.25,86.5,65.5,87.5,40.28796334,69.146,65.0995,149.79925,220.19275,34.95,30.975,38.7,23.25,49.8,45.375,53.95,1971.5,3458,2581,3001.25,18613.75,8114,10499.75,1766.666667,12517.25,10917.25,26280.5,11772.75,14507.75,5.275,10.725,6.8,9.25,19.85037744,74.7278767,72,74.7278767,72
Serbia,26.58146868,23.95545968,1347.098104,1.475,97.75,94.5,92.25,94.5,86.5,89.25,94.75,44.23497574,78.175,73.15,76.436,145.65725,5.125,4.6,5.65,3.65,5.9,5.3,6.475,72.75,156.75,239.5,50.5,434,187,247,10.33333333,307.5,397.25,500.75,217,283.75,0.7,1.5,0.525,2.15,4.689948256,87.45658735,87,87.45658735,87
Sierra Leone,5.369788787,74.72978541,249.980718,4.41,90,88.25,88.25,88.25,82.5,57.25,88.25,49.5562684,54.45775,52.79275,379.47925,397.592,88.025,82.05,93.6,32.975,123.3,116.85,129.475,1591.25,4275.5,4015.25,3197.25,21950.75,10167.5,11783.25,2900,8368.5,6362.75,30721.5,14445.25,16276.25,8.575,26.275,15.375,28.375,24.44665111,48.1419695,65.75,48.1419695,65.75
Singapore,13.20500257,15.95360894,3995.675944,1.185,98.75,96.25,96,96,95,88,96,41.68788709,85.25,80.775,36.104,61.8855,2.15,1.975,2.3,0.975,2.675,2.475,2.875,20.5,66,107.75,15.75,109,48.25,60.75,4,49.25,105.75,135.5,60.25,75.25,0.4,1,0.325,1.3,2.082468377,94.01314405,87,94.01314405,87
Slovakia,21.23656761,21.94446322,2137.293457,1.485,0,96,96,96,95.5,97.25,96,45.42151323,80.6,73.65,63.99133333,148.4956667,4.95,4.45,5.425,3,6.05,5.45,6.6,38,98.25,173.75,37,281.5,123.5,158,3,170.25,164.75,344.5,151.5,193,0.7,1.775,0.65,2.55,2.876230758,89.6254345,87,0,0
Slovenia,28.30836574,22.36730582,2821.845215,1.5925,0,94,0,94,93,94.25,94,46.23255748,84.15,78.175,44.80066667,96.667,1.85,1.75,2.05,1.3,2.35,2.15,2.525,8,26,42.75,7.5,39,17.5,21.5,1,26.5,55.75,48.5,21.75,26.75,0.425,1.4,0.35,2.05,2.687776624,92.53456655,87.5,92.53456655,87.5
Somalia,5.640629251,93.22249786,0,6.2266,37,42,42,42,46,0,47,22.95240083,58.172,54.8358,274.7724,330.672,79.54,73.4,85.38,38.68,126.84,120.38,133.06,3573.6,6080.6,7228.2,8261,46927.8,21373.2,25554.6,5125,23373,17022.8,73534.8,34380.8,39154,9.22,18.16,18.36,27.2,27.35549287,56.02970532,39.2,56.08217655,39.75
South Africa,7.879227835,44.45711373,1085.868896,2.444,79.5,77.75,77.75,77.75,77.75,56.25,77.75,45.02451719,66.806,59.9425,267.51725,391.35075,28.175,25.725,30.55,11.25,35.975,32.875,38.875,3398,7492.25,14035,3522.75,33546.25,15093,18453.25,1466.666667,13444.5,20166.75,42886.75,19323.25,23563.5,3.35,7.7,3.125,13.725,16.62324889,65.16869295,71.75,65.16869295,71.75
South Korea,18.653375,18.30989175,2755.188395,1.11,97.75,97.75,98,97.5,97.75,97,97.75,41.83929855,85.5,79.425,33.8435,82.71125,2.875,2.65,3.125,1.6,3.375,3.075,3.65,206,651,1114.5,193,1162.5,517.75,644.75,45.66666667,631.25,708,1374,612,762,0.425,1.1,0.425,1.6,1.781354585,94.84277705,94,0,0
South Sudan,6.256741461,77.10611371,175.7673035,4.775333333,52,47,47,47,50,0,47.66666667,49.23142866,58.88866667,55.87833333,304.6546667,338.0763333,62.4,56.96666667,67.13333333,38.6,96.2,91.26666667,100.5333333,2031.333333,3913.666667,5236.666667,4201.333333,23765.33333,10685.66667,13079.66667,4400,14893,11442.33333,36588,17057,19531,7.5,16.43333333,13.6,25.2,28.8107365,55.24376367,74.33333333,54.98623425,71.25
Spain,28.72486934,22.2902523,3318.731038,1.31,0,96.25,96.25,96.25,97,94,96.25,46.24948563,86.1,80.475,38.172,75.7675,2.675,2.45,2.925,1.875,3.225,2.95,3.5,191.75,392,603.5,180.75,1109.5,489,620.5,14.66666667,766.5,934,1346.5,594,752.5,0.4,0.9,0.375,1.325,2.288521074,94.2643592,90.25,94.2643592,90.25
Sri Lanka,15.16069234,37.35440293,486.6361694,2.20725,99,99,99,99,99,99,99,34.40971378,79.906,73.1505,57.652,154.76875,6.9,6.175,7.525,4.85,8.025,7.3,8.8,369.75,593.5,852.75,317,2364,1043.75,1320.25,120,1658.25,2117.25,2771.5,1231,1540.5,1.075,1.85,0.9,2.775,6.157287476,90.31664765,64.25,90.31664765,64.25
Sudan,6.33929012,73.76987747,301.469574,4.49,91,93.66666667,93.66666667,93.66666667,88.33333333,71,93.66666667,30.06361079,66.61666667,63.02,190.3493333,247.8533333,43.43333333,38.46666667,48.16666667,28.5,62.8,57.43333333,67.83333333,2866.333333,10153,13234.33333,6570,56786.33333,24697.33333,32089,4000,37717.33333,31722.66667,81419.33333,36523.66667,44895.66667,2.866666667,11.4,5.966666667,17.43333333,23.38350755,69.05546727,62.33333333,68.9904167,62.5
Suriname,10.15788395,42.40127007,950.7571106,2.4815,0,75,75,75,76,50.5,77.5,38.02140504,74.6425,68.1355,118.441,220.4095,17.8,15.55,19.95,12.5,19.9,17.45,22.3,18.5,37,49.5,14.5,191,80.5,110.5,13,134.5,128,214.5,90.5,124,1.8,3.7,1.4,5.05,11.75773461,80.2223982,80,80.39955235,80
Swaziland,0,0,0,0,0,0,0,0,0,0,0,0,0,0,0,0,0,0,0,0,0,0,0,0,0,0,0,0,0,0,0,0,0,0,0,0,0,0,0,0,0,0,0,0,0
Sweden,31.72685752,27.82678812,5494.921224,1.81,25.25,97.5,72,97.5,97.25,95,97.5,47.67639541,84.15,80.675,39.28325,64.05975,2.25,2.05,2.425,1.525,2.775,2.525,3.025,46.5,118,285.75,39,264.25,116.75,147.5,5,179.5,316.25,324.5,143.25,181.25,0.4,1.2,0.3,2.15,2.681352508,93.27090415,87,93.27090415,87
Switzerland,27.4158573,22.22550537,7916.176595,1.53,0,96,69,95,94.5,88.5,96,46.5609171,85.5,81.5,36.19,60.244,3.7,3.4,4.025,2.9,4.2,3.825,4.575,31.75,97.5,145.25,27,321,143.25,177.75,4.666666667,253.25,196.5,362.75,161,201.75,0.4,1.1,0.3,1.45,2.25882209,93.897469,87,93.897469,87
Syria,6.665407524,50.59277646,0,2.871,73.75,44.5,44.5,44.5,61.25,53,51,16.31203499,77.26575,65.129,77.632,261.529,17.975,16.175,19.625,10.65,22.9,20.9,24.75,5129.5,6658.75,9290,4512.5,8047.25,3538,4509.25,136.6666667,4717,4848.25,10497.5,4684.5,5813,14.375,19.075,11.5,27.925,10.83068407,86.6504217,80,0,0
Tajikistan,4.903449842,59.78945395,211.6755981,3.608,98.25,96,96.25,96.25,97.5,96.5,96.5,37.54180681,72.8455,68.35325,101.65925,163.8305,31.675,27.65,35.475,15.725,36.275,31.875,40.525,152.25,291.75,502.75,146.25,8665.75,3666.5,4999.25,47.33333333,4348.25,2583,9878.25,4200.25,5678,0.9,1.75,0.7,2.975,9.248302957,80.64516495,79,80.64516495,79
Tanzania,4.849555575,83.73522804,102.0979309,4.98475,94,91.75,91.75,91.75,89,62.75,88.25,48.21053549,66.02075,62.178,197.39075,249.15175,39.025,35.775,42.125,21.4,54.825,50.925,58.525,4833.25,8413.75,10614.25,13852,77180.75,34905.75,42275,11000,42983.5,40183.25,107120.5,49054.25,58066.25,3.525,7.425,8.6,10.925,19.58928306,67.9905048,45,67.9905048,45
Thailand,15.77242487,24.58239843,635.7541707,1.533,99,98.5,98.5,0,98.25,93,98.5,45.61374773,80.306,72.83025,88.837,197.977,8.675,7.7,9.55,5.925,10.1,9,11.125,2174.5,5784,6531.75,1440.5,6366,2750.25,3615.75,273.3333333,4347.75,4498.5,7453,3231,4222,2.5,6.125,1.775,6.675,6.111511326,87.2072262,68.25,87.2072262,68.25
Togo,5.121229891,75.35883035,102.1553472,4.41725,93,82,82,82,74,0,74.25,49.67887734,61.1645,59.5155,250.00925,282.9185,48.875,43.85,53.65,26,72.425,66.65,77.975,1112.5,1307,1413.5,1743.25,12396.25,5526,6870.25,1000,6674.25,6049.25,18228,8324,9904,5.9,8.175,8.125,10.475,22.98908845,60.62127165,78.5,60.62127165,78.5
Trinidad and Tobago,14.72515743,29.69988684,2144.120687,1.746,0,95.25,93.75,93.75,89.5,81.5,91.25,42.29694384,75.87925,70.533,117.761,207.1665,16.85,15.1,18.5,12.475,18.875,17,20.65,27.75,67.5,137.5,20,315.25,138.75,176.5,12.66666667,232.25,177,354.75,156.75,198,1.5,3.9,1.05,7.3,9.434743464,81.8128956,87,81.8128956,87
Tunisia,11.71362729,35.31346236,827.2879232,2.22625,95.25,92,92,92,91,92,92,26.63691831,78.26025,74.19875,68.971,109.303,14.7,13.3,16,12.075,17.1,15.6,18.5,260.75,458,720.25,294.5,3038,1337.25,1700.75,93,2490.75,2367,3533.5,1564.75,1968.75,1.6,2.825,1.625,4.075,11.32234646,87.8992799,80,87.8992799,80
Turkey,12.24150893,37.70318233,1125.753988,2.08575,95.25,97.25,97.25,97.25,96.75,86,97.25,32.43979131,79.9405,73.973,68.18025,133.13175,10.15,9.525,10.75,5.9,11.8,11.075,12.475,1538,3107,3488.5,1461.75,13303.75,6081.5,7222.25,233.3333333,7766.5,6117.5,15462.25,7085.75,8376.5,1.15,2.3,1.05,2.675,4.633663063,89.20053965,87,89.20053965,87
Turkmenistan,6.513477612,47.30106763,1125.552938,2.85975,98.25,98.75,98.75,98.75,99,99,98.75,41.07567531,71.37825,64.44725,130.05525,245.751,36.475,31.125,41.6,23.45,42.25,36.375,47.8,192.75,432.75,627.75,219.75,5170.75,2159.75,3011,11,3328,1231.75,5986.25,2523.25,3463,1.95,4.65,1.95,5.95,8.604012712,76.0912622,80,76.0912622,80
Uganda,3.776219373,93.82131918,120.9377925,5.1715,91.5,92.25,92.25,92.25,81.75,0,87.75,49.17354806,64.2835,60.01825,259.1355,335.07375,36.85,33,40.55,21.4,51.775,46.5,56.775,6196.25,12563.25,10802,11909.5,58071.75,25647.5,32424.25,6033.333333,34107.75,30124.5,80812.75,35817.25,44995.5,5.625,13.625,9.275,14.25,18.52143578,63.84309505,57,63.84309505,57
Ukraine,23.44296694,22.70646945,551.2151693,1.41175,72,40.25,41.75,45.5,68.75,65.5,56.5,47.24804254,76.5525,66.7025,0,0,7.75,6.9,8.55,5.425,9.05,8.125,9.95,430,1045.5,2192,433.25,3480,1504.5,1975.5,89.66666667,2397.5,2074.75,4099.75,1782,2317.75,1.025,2.525,0.85,4.25,4.664631163,83.9439083,74.25,83.9439083,74.25
United Arab Emirates,1.194387195,17.04374016,2501.397461,1.47325,96.25,98.5,98.75,98.75,99,99,98.25,16.9255796,78.924,76.8735,53.05525,76.85625,6.6,5.85,7.325,4.15,7.725,6.875,8.55,77.5,178.5,408.75,89,666.75,289.75,377,3,416.5,510.75,778.5,339,439.5,1,2.375,0.925,2.9,5.038782269,88.6086459,87,88.6086459,87
United Kingdom,28.36623575,27.44602136,4203.496257,1.7525,0,94.25,0,94.25,92.25,88.5,94.25,46.64109863,83,79.4,54.7565,85.4225,3.775,3.4,4.125,2.75,4.4,3.975,4.8,321,933,1533,301.75,2959.75,1300.75,1659,56.33333333,2156.25,2372,3455.5,1521.75,1933.75,0.425,1.225,0.4,1.825,3.02183128,91.2689957,89,91.2689957,89
United States,23.13521836,28.79533187,9908.51888,1.78975,0,94.75,92.25,92.75,92,93.75,93.5,45.95320381,81.125,76.15,81.46333333,137.2863333,5.725,5.2,6.225,3.825,6.7,6.075,7.3,3107.5,10764.25,21871.25,2490.25,22356.5,9938.75,12417.75,710,14898,11843.75,26135.5,11576.5,14559,0.725,2.525,0.6,4.775,3.026612155,87.568878,87,87.568878,87
Uruguay,22.70891508,32.33064515,1998.71228,1.986,98,93.5,93.5,93.5,96,92,93.5,45.3564657,81.176,73.7385,75.77575,134.90975,7.025,6.225,7.8,4.7,8.175,7.275,9.025,48.25,181.25,271.75,35.5,338.75,146.25,192.5,8.666666667,225.25,232.75,393,171,222,1,3.55,0.75,5.175,4.821741369,87.46410955,87,87.46410955,87
Uzbekistan,6.273613076,42.33474746,413.3949076,2.446,98.25,98.75,98.75,98.75,98.25,99,98.75,40.96369204,73.41425,69.10275,102.92625,172.4865,18.3,15.6,20.8,11.675,20.475,17.55,23.225,1030.5,1966,2698.25,1174.5,12755.25,5278,7477.25,203.3333333,8183,4991.5,14267.25,5935,8332.25,2,3.625,1.925,4.375,7.075034403,80.9332537,69.5,80.9332537,69.5
Venezuela,10.44753792,43.07642048,477.6382293,2.30575,95.5,74.25,74.25,74.25,87.5,50.75,75.25,39.37916151,76.288,68.61975,90.47625,194.939,19.85,17.95,21.725,14.575,22.925,20.85,24.925,1081.75,5524.75,7690.25,835,10811.25,4767,6044.25,656.6666667,7887,5099.25,12552.5,5568.75,6983.75,2,10.625,1.5,15.575,9.341790922,82.7950402,80,0,0
Vietnam,9.930653261,32.99325215,355.888387,2.03375,96,90.5,90.5,90.5,97.5,92.5,94,47.76858434,79.332,71.091,68.366,182.5355,16.75,14.425,18.975,11.075,20.975,17.375,24.475,2153.5,4230.75,6226.5,1677.75,26760,10794,15966,710,17727,13260.75,33452.5,12959.75,20492.75,1.6,3.15,1.15,3.8,8.207304508,86.64975175,56.5,86.64975175,56.5
Yemen,4.97818539,70.48466983,139.0050659,3.94475,62.5,68.25,68.25,68.25,66.5,45.5,62.25,7.968407275,67.78975,64.41675,190.248,236.95775,43.4,39.375,47.375,26.65,57.35,53.3,61.4,3448.5,5480.5,6932.25,4144,36986.75,16351.75,20635,1400,22930.25,20956.5,48676.75,22039.75,26637,5.15,8.975,5.625,11.9,23.7633234,70.91684955,69,0,0
Zambia,3.970985289,87.1402626,176.2058716,4.77075,96.5,91.25,91.25,91.25,93.25,58.5,89.75,48.1093373,65.4475,59.87325,239.98425,339.83675,45,40.9,48.85,24.075,65.65,60.375,70.65,1940.5,3781.75,4325.75,3915.75,27274.5,12229.25,15045.25,1366.666667,14803.5,9543,39440.5,17876.25,21564.25,4.35,10.05,7.725,13.975,15.28124144,65.3386289,59.5,65.3386289,59.5
Zimbabwe,5.288449429,77.99471954,185.5905355,3.7555,93.75,88.75,88.75,88.75,89.75,73,89,50.93613507,61.88025,58.73725,324.27325,378.01475,41.025,36.375,45.425,27.125,58.9,53.65,63.925,2411.75,3095.5,4072.75,2373,18687.25,8225.75,10461.5,2133.333333,12342.25,7659.75,27089,12245.75,14843.25,6.925,10.075,5.85,15.35,16.54925176,54.9164158,81.75,54.9164158,81.75