,Population,Area (km2),GDP per Cap,Gender Ratio %,Gender Gap,Suicide per 100k,Suicide 5-14 years,Suicide 15-49 years,Suicide  50-69 years,Suicide 70+ years,Unemployment (%),Divorce Rate per 100k,GINI,Christian,Muslim,Irreligion,Hindu,Buddhist,Folk religion,Other religion,Jewish,Hunger (rate),Urbanization (rate),Democracy (value),Holiday (Paid Days),Fertility (per woman),Air Quality (Value),Homicide per 100k,Prison (per 100k),Alchool (per cap),Drugs Usage (per cap),Congestion (Per capita),Power Distance,Individualism,Masculinity,Uncertainity Avoidance,Long Term Orientation,Net Migration,Mortality,"Adolescent fertility rate (births per 1,000 women ages 15-19)",Age dependency ratio (% of working-age population),"Age dependency ratio, old","Age dependency ratio, young","Current health expenditure per capita, PPP (current international $)","Fertility rate, total (births per woman)","Immunization, BCG (% of one-year-old children)","Immunization, DPT (% of children ages 12-23 months)","Immunization, HepB3 (% of one-year-old children)","Immunization, Hib3 (% of children ages 12-23 months)","Immunization, measles (% of children ages 12-23 months)","Immunization, measles second dose (% of children by the nationally recommended age)","Immunization, Pol3 (% of one-year-old children)","Labor force, female (% of total labor force)_x","Life expectancy at birth, female (years)","Life expectancy at birth, male (years)","Mortality rate, adult, female (per 1,000 female adults)","Mortality rate, adult, male (per 1,000 male adults)","Mortality rate, infant (per 1,000 live births)","Mortality rate, infant, female (per 1,000 live births)","Mortality rate, infant, male (per 1,000 live births)","Mortality rate, neonatal (per 1,000 live births)","Mortality rate, under-5 (per 1,000)_x","Mortality rate, under-5, female (per 1,000)","Mortality rate, under-5, male (per 1,000)",Number of deaths ages 10-14 years,Number of deaths ages 15-19 years,Number of deaths ages 20-24 years,Number of deaths ages 5-9 years,Number of infant deaths,"Number of infant deaths, female","Number of infant deaths, male",Number of maternal deaths,Number of neonatal deaths,Number of stillbirths,Number of under-five deaths,"Number of under-five deaths, female","Number of under-five deaths, male","Probability of dying among adolescents ages 10-14 years (per 1,000)","Probability of dying among adolescents ages 15-19 years (per 1,000)","Probability of dying among children ages 5-9 years (per 1,000)","Probability of dying among youth ages 20-24 years (per 1,000)","Stillbirth rate (per 1,000 total births)","Survival to age 65, female (% of cohort)","Tuberculosis case detection rate (%, all forms)",Duration of compulsory education (years),"Gross enrolment ratio, lower secondary, both sexes (%)","Gross enrolment ratio, lower secondary, female (%)","Gross enrolment ratio, lower secondary, gender parity index (GPI)","Gross enrolment ratio, lower secondary, male (%)","Gross enrolment ratio, primary and lower secondary, both sexes (%)","Gross enrolment ratio, primary and lower secondary, female (%)","Gross enrolment ratio, primary and lower secondary, gender parity index (GPI)","Gross enrolment ratio, primary and lower secondary, male (%)","Gross enrolment ratio, primary, both sexes (%)","Gross enrolment ratio, primary, female (%)","Gross enrolment ratio, primary, gender parity index (GPI)","Gross enrolment ratio, primary, male (%)","Gross enrolment ratio, secondary, both sexes (%)","Gross enrolment ratio, upper secondary, both sexes (%)","Gross intake ratio to Grade 1 of primary education, both sexes (%)","Gross intake ratio to Grade 1 of primary education, female (%)","Gross intake ratio to Grade 1 of primary education, gender parity index (GPI)","Gross intake ratio to Grade 1 of primary education, male (%)","Gross outbound enrolment ratio, all regions, both sexes (%)",Internet users (per 100 people),"Labor force, female (% of total labor force)_y","Labor force, total","Mortality rate, under-5 (per 1,000)_y","Net enrolment rate, lower secondary, both sexes (%)","New entrants to Grade 1 of primary education, percentage female (%)",Official entrance age to compulsory education (years),Official entrance age to early childhood education (years),Official entrance age to lower secondary education (years),Official entrance age to pre-primary education (years),Official entrance age to primary education (years),Official entrance age to upper secondary education (years),Percentage of enrolment in lower secondary education in private institutions (%),Percentage of enrolment in primary education in private institutions (%),Percentage of enrolment in secondary education in private institutions (%),Percentage of enrolment in upper secondary education in private institutions (%),Percentage of students in lower secondary education who are female (%),Percentage of students in lower secondary general education who are female (%),Percentage of students in primary education who are female (%),Percentage of students in secondary education who are female (%),Percentage of students in secondary general education who are female (%),Percentage of students in upper secondary education who are female (%),Percentage of students in upper secondary general education who are female (%),"Gross enrolment ratio, pre-primary, both sexes (%)","Gross enrolment ratio, pre-primary, female (%)","Gross enrolment ratio, pre-primary, gender parity index (GPI)","Gross enrolment ratio, pre-primary, male (%)","Outbound mobility ratio, all regions, both sexes (%)",Percentage of enrolment in pre-primary education in private institutions (%),Percentage of students in pre-primary education who are female (%),Percentage of students in tertiary education who are female (%),Percentage of students in early childhood education who are female (%),"Gross enrolment ratio, early childhood education, both sexes (%)",Language_African (other),Language_Arabic,Language_Asia (other),Language_English,Language_Europe (other),Language_French,Language_Portuguese,Religion_Buddhist,Religion_Christian,Religion_Hindu,Religion_Mixed,Religion_Muslim,Region_Central Asia,Region_Latin America and Caribbean,Region_Middle East and Northern Africa,Region_Southeastern Asia,Region_Southern Asia,Region_Sub-Saharan Africa
0,34414000.0,652860.0,541.656,48.61,0.6493612903225806,5.279715953999999,0.32,8.755,16.69,22.32,8.86,17.86,42.23137254901961,0.1,99.7,0.0,0.03,0.0,0.0,0.06,0.0,33.8,26.0,2.85,35.0,4.98,58.8,6.66,87.0,0.2,2.54,249.65333333333334,67.75,22.75,44.0,55.0,18.5,3.3,6.93,4.738376000000001,82.25519692,179.3292465,4.7205,77.5,65.75,65.75,65.75,63.75,39.0,72.0,20.19328479,65.4585,62.513999999999996,199.98175,242.77775,50.525,47.0,53.875,38.575,66.35,62.675,69.925,2203.25,11854.25,12120.0,3091.0,59966.5,27078.0,32888.5,8066.666667,46206.5,36628.5,78658.25,36055.0,42603.25,2.25,13.85,2.9,17.475,29.63256064,67.228502,63.75,67.228502,63.75,9.0,65.150215,47.860845,0.5868,81.5621775,91.248675,71.91124,0.6556475,109.69074750000001,103.04823499999999,82.7483275,0.6758149999999999,122.449005,53.098575,39.958175,109.62535,89.01744000000001,0.688195,129.34037,0.72235,10.98666667,20.44435284,9944939.8,66.225,51.326075,39.698815,7.0,6.0,13.0,6.0,7.0,16.0,3.9042775,4.5347599999999995,3.579365,2.9996424999999998,35.77537,35.77537,39.2412375,35.0096275,35.2125225,33.65568,34.1924025,33.561783921675,33.57076746982501,1.0180346833249998,33.550075837174994,7.8856432290625005,43.11924794162162,49.7229143835,24.61267,49.671473551111106,33.321973505714276,0,0,1,0,0,0,0,0,0,0,0,1,0,0,0,0,1,0
1,27884000.0,1246700.0,3606.42,50.54,0.6659,6.195113927,0.515,7.73,26.875,55.04,7.28,17.86,51.3,90.5,1.0,5.1,0.0,0.0,4.2,0.0,0.0,29.8,66.8,3.72,33.0,5.77,15.9,4.85,93.0,6.4,0.51,249.65333333333334,67.75,22.75,44.0,55.0,18.5,1.4,9.05,4.42811246,92.5368363,184.81790669999998,5.64475,61.25,59.25,55.25,55.25,47.0,29.25,53.25,50.1288987,62.9845,57.43,207.39775,289.191,54.7,49.025,60.175,29.425,82.675,76.3,88.825,5079.75,8493.5,10787.5,10692.25,65506.25,28956.0,36550.25,3000.0,35874.25,25603.5,97445.25,44308.5,53136.75,6.7,13.7,11.55,20.725,20.53884215,63.16856285,56.75,63.16856285,56.75,6.0,71.66933,53.609269999999995,0.5957100000000001,89.99164,89.95916100047619,87.58915449904761,0.9481025476190474,92.18703095619047,113.47796000000001,105.88815,0.87413,121.13591000000001,50.671479999999995,26.95673,115.18093657714287,111.85831979666666,0.9472256745714285,118.42754732690476,0.49626499999999996,13.24635979,50.15356064,12285034.6,82.425,14.64935,47.88061887714285,6.0,1.0,12.0,4.2,6.0,15.0,19.45327,14.11856,21.46779,27.51675,37.67001,37.558009999999996,46.86435,39.523540000000004,39.0578,45.0891,48.5812,39.61102,37.314609999999995,0.89071,41.89328,5.600185,19.99997,46.95575,45.129315000000005,46.95575,12.46435,0,0,0,0,0,0,1,0,1,0,0,0,0,0,0,0,0,1
9,10160000.0,25680.0,282.748,50.49,0.7397,6.430456747000001,0.635,7.335,28.545,63.535,1.57,17.86,38.6,91.5,10.0,0.0,0.0,0.0,5.7,0.0,0.0,27.79767441860465,13.7,2.15,30.0,5.7,33.68916666666667,6.02,85.0,7.5,0.5,249.65333333333334,67.75,22.75,44.0,55.0,18.5,-1.5,8.52,4.14208685,87.06675456,55.52154032,5.5520000000000005,92.25,92.25,92.25,92.25,91.0,72.25,92.25,51.97484725,62.475,58.8945,259.23975,316.8825,43.475,38.675,48.025,22.35,62.85,57.775,67.675,2529.5,2001.5,1891.25,4153.5,18257.0,8023.5,10233.5,2400.0,9523.0,11300.25,26026.75,11794.5,14232.25,9.6,9.1,12.725,9.3,25.79965656,61.245763000000004,59.5,61.245763000000004,59.5,8.270833333333334,56.4576275,59.884705000000004,1.1370200000000001,53.037585,103.52843,105.3632225,1.0360850000000001,101.70303,126.056665,127.319015,1.0199924999999999,124.8025,47.3861375,35.3309225,133.22257,132.0985025,0.9832575000000001,134.3359825,0.285695,4.233533259,51.95140516,4664027.8,62.575,23.6691375,49.3383875,6.083333333333333,5.0,13.0,5.0,7.0,16.6,4.27051,1.8466725,8.0083425,15.6747125,53.0750425,53.090295,50.32612,50.5616225,50.900322499999994,45.5481275,44.8137075,14.2903075,14.516457500000001,1.0317875,14.0668725,4.80272,51.806645,50.4830075,30.731890000000003,50.4830075,14.2903075,0,0,0,0,0,1,0,0,1,0,0,0,0,0,0,0,0,1
11,10576000.0,112760.0,1152.188,50.17,0.5885,6.026321749,0.395,7.04,25.04,55.09,2.63,17.86,47.8,48.0,28.0,6.0,0.0,0.0,18.0,0.0,0.0,24.0,48.4,5.09,37.0,5.05,33.68916666666667,1.1,68.0,3.0,0.5,249.65333333333334,67.75,22.75,44.0,55.0,18.5,-0.9,9.33,5.999842471,79.17128604,84.3396225,4.9415,88.0,75.5,75.5,75.5,69.0,62.34946236580645,74.25,49.12964434,62.53775,59.501999999999995,215.43599999999998,262.3015,62.375,56.325,68.05,31.675,96.225,89.85,102.225,2059.25,2637.5,2301.5,4260.5,24880.25,11029.75,13850.5,1633.333333,12869.5,8665.0,37899.25,17343.75,20555.5,7.55,11.125,13.5,11.35,20.87064346,63.516663,60.25,63.516663,60.25,6.0,73.12084,66.15358499999999,0.8279049999999999,79.907825,110.23908999999999,104.7535,0.9063950000000001,115.576695,127.993375,123.61121750000001,0.9347175,132.253575,58.94464,38.066705,154.374495,150.81627,0.95555,157.83043999999998,0.67813,14.41634527,49.14400959,4541998.0,96.5,46.67501,48.134685,6.0,4.0,12.0,4.0,6.0,16.0,13.791170000000001,23.3553,15.575520000000001,20.622345000000003,44.63711,44.72685,47.608002500000005,41.7294,41.94076,33.505115,33.35837,24.72317,25.13528333,1.03334,24.32313,5.2633466669999995,31.9838,50.07626667,29.24145,50.07626667,24.72317,0,0,0,0,0,1,0,0,1,0,0,0,0,0,0,0,0,1
12,18111000.0,273600.0,734.8539999999999,50.2,0.6513,7.134316284,0.54,8.255,29.47,64.325,6.49,17.86,35.3,22.5,62.0,0.4,0.0,0.0,15.4,0.0,0.0,25.8,30.6,4.04,45.0,5.44,33.68916666666667,1.3,39.0,8.2,0.44,249.65333333333334,67.75,22.75,44.0,55.0,18.5,-1.5,8.82,4.603221791,86.53612339,117.5916697,5.31225,98.0,91.0,91.0,91.0,88.0,61.25,91.0,44.69650006,61.2015,59.77925,235.25099999999998,266.883,57.375,52.175,62.275,27.25,95.575,90.525,100.35,3332.5,2717.5,3554.75,6976.25,41308.75,18394.0,22914.75,2433.333333,19935.75,14735.0,67816.25,31400.75,36415.5,6.775,6.6,12.125,10.275,19.70938382,61.60506850000001,60.5,61.60506850000001,60.5,10.0,51.092777500000004,51.934147499999995,1.0313174999999999,50.2838075,77.4425775,77.1678775,0.9926975,77.70732,92.305125,91.375095,0.9802799999999999,93.20275,37.083215,15.989182500000002,107.99990249999999,104.928595,0.9454875,110.97018,0.333053333,14.65333333,44.68134248,7015016.8,81.45,27.524475,47.76388,6.0,3.0,12.0,3.0,6.0,16.0,38.2668075,19.5323425,40.03366,48.598315,49.7866675,49.9351725,48.618065,48.071745,48.2316625,39.7915325,38.9608125,3.8081975,3.8065025,0.9988725,3.8098224999999997,6.027316667000001,75.60555500000001,49.1372375,34.1479625,49.1372375,3.8081975,0,0,0,0,0,1,0,0,0,0,0,1,0,0,0,0,0,1
18,361000.0,22810.0,4836.366,50.09,0.6449,6.795064383,0.235,8.965,12.5,18.26,9.97,17.86,53.3,87.6,0.1,8.9,0.2,0.5,1.5,0.1,1.0,27.79767441860465,46.0,3.9328,27.0,2.44,33.68916666666667,37.9,356.0,6.8,0.83,249.65333333333334,67.75,22.75,44.0,55.0,18.5,4.4,4.62,7.166259584,47.934934600000005,497.21371460000006,2.3480000000000003,94.33333333,93.0,93.0,93.0,94.0,91.66666667,93.33333333,38.64891429,77.43933333,71.53566667,122.43433329999999,216.065,11.83333333,10.63333333,12.96666667,9.1,13.73333333,12.4,15.03333333,12.33333333,34.66666667,59.0,9.666666667000001,93.33333333,41.0,52.33333333,3.0,72.33333333,56.66666667,108.33333329999999,48.0,60.33333333,1.5666666669999998,4.4,1.266666667,7.9,7.087884445,81.9141538,87.0,81.72434065,87.0,8.0,95.4436,95.20949,0.9953774999999999,95.67487750000001,105.88363999999999,104.0635125,0.9666875,107.65457749999999,113.074995,110.22774,0.9516975000000001,115.8212875,84.2691475,61.835519999999995,102.3155725,101.031265,0.9759424999999999,103.5500625,2.255583333,44.41612204,38.61027609,168207.0,14.15,72.0578375,48.4025575,5.0,3.0,11.0,3.0,5.0,15.0,70.671305,87.3583625,65.48674,45.64321333,49.507529999999996,49.887475,47.8631,50.55614,50.970535,53.8150375,54.72136999999999,49.1665175,49.92562,1.031565,48.4306675,9.386933333,81.30051999999999,49.9162575,61.80045667,49.9162575,49.1665175,0,0,0,1,0,0,0,0,1,0,0,0,0,1,0,0,0,0
22,2121000.0,566730.0,7635.576,51.85,0.6752,8.824516087000001,0.09,11.12,17.81,29.365,17.01,17.86,53.3,72.1,0.4,20.6,0.3,0.0,6.0,0.6,0.0,23.6,70.9,7.81,29.0,2.97,33.68916666666667,15.04,208.0,8.4,0.75,249.65333333333334,67.75,22.75,44.0,55.0,18.5,-7.1,6.26,6.553585543,56.23916912,962.8844604000001,2.9235,98.0,95.0,95.0,95.0,97.0,75.5,96.0,48.75835738,71.1285,65.418,174.7655,269.8455,32.475,29.3,35.525,17.575,42.9,39.225,46.4,110.75,175.0,471.25,198.5,1824.25,810.75,1013.5,84.66666667,991.0,885.0,2411.25,1086.75,1324.5,2.4,4.2,3.9,11.8,15.45903446,74.30829805,70.5,74.30829805,70.5,8.270833333333334,96.28955,97.76233,1.03073,94.84778,101.30049,100.86391,0.99151,101.72733000000001,103.23839,102.06448,0.9777600000000001,104.38555,47.754787072162166,34.147598359999996,115.18093657714287,111.85831979666666,0.9472256745714285,118.42754732690476,1.50514,41.22501592,48.74597839,1026228.4,38.525,57.53128,47.88061887714285,6.083333333333333,3.0,13.0,3.0,6.0,16.0,18.24843998368293,7.390210000000001,21.801962805555558,25.837685694771434,50.22485,50.22485,48.86193,46.25405988297297,51.54317,44.885698662162156,55.16996999999999,21.44787,21.81983,1.0348899999999999,21.084220000000002,5.581706667000001,70.64473000000001,50.2917,58.31359333,50.2917,21.44787,0,0,0,1,0,0,0,0,1,0,0,0,0,0,0,0,0,1
23,4493000.0,622980.0,434.874,50.45,0.6493612903225806,11.14365291,0.8,13.505,39.955,55.53,6.39,17.86,56.2,89.5,15.0,1.0,0.0,0.0,1.0,0.0,0.0,53.6,42.2,1.32,24.0,4.94,33.68916666666667,19.76,16.0,3.3,0.51,249.65333333333334,67.75,22.75,44.0,55.0,18.5,-17.8,13.62,5.39432868,85.25358528,41.93506241,4.819333333,74.0,47.0,47.0,47.0,49.0,62.34946236580645,47.0,45.55204395,54.04600000000001,49.92866667,377.0766667,427.08133330000004,86.2,79.16666667,92.93333333,41.66666667,119.46666670000002,112.8,125.76666670000002,686.6666667000001,1481.0,2304.666667,1346.666667,14064.0,6373.666667,7690.333333,1450.0,6896.333333,5254.333333,19559.66667,9116.0,10443.66667,5.433333332999999,13.5,9.733333333,26.53333333,30.74863971,46.43833587,41.66666667,46.27525765,41.75,10.0,20.475704999999998,16.45731,0.670375,24.480485,70.89665,61.41571999999999,0.76469,80.315,102.0189,89.3694,0.7801,114.56074,16.087410000000002,9.487110000000001,128.08882,115.69286000000001,0.8244,140.33543,1.207193378351351,4.046418315,45.56089701,1845779.8,122.325,37.835118076923074,44.8875,6.0,3.0,12.0,3.0,6.0,16.0,23.85468,16.730339999999998,22.81266,19.40304,40.03717,40.009865000000005,43.61322,39.712545,39.568645000000004,38.5019,37.87973,2.92555,2.99059,1.04513,2.86145,7.8856432290625005,66.21027,50.74065,42.83980065666667,49.671473551111106,33.321973505714276,0,0,0,0,0,1,0,0,1,0,0,0,0,0,0,0,0,1
28,23226000.0,318000.0,2137.146,49.42,0.5814,7.777696109,0.67,8.66,30.905,71.73,2.66,17.86,41.5,44.1,43.2,8.0,0.0,0.0,10.2,0.2,0.0,24.9,51.7,4.05,34.0,4.81,33.68916666666667,11.63,82.0,8.4,0.5,249.65333333333334,67.75,22.75,44.0,55.0,18.5,-0.7,10.77,5.153926076,76.97000939,165.30563859999998,4.73125,90.75,83.75,83.75,83.75,71.5,62.34946236580645,81.5,41.21234971,58.06475,55.6195,359.3075,398.40225,63.0,55.5,70.175,34.625,86.575,77.775,94.9,6567.0,6416.75,7359.25,10060.25,53889.75,23438.0,30451.75,5500.0,30172.25,21549.5,73172.0,32450.75,40721.25,10.825,11.875,14.975,16.0,24.09921689,52.4343483,59.25,65.07591691222221,61.18888888888889,10.0,58.632509999999996,50.476440000000004,0.754115,66.79705,82.0455175,75.91516750000001,0.8604825,88.15690749999999,96.178375,91.3228375,0.9036799999999999,101.0068725,46.7408025,29.37322,102.785915,99.36719000000001,0.9357200000000001,106.17609250000001,0.5589533329999999,42.57786572,41.323342499999995,8089146.4,85.325,36.3228425,48.126442499999996,6.0,3.0,12.0,3.0,6.0,16.0,47.997704999999996,13.65536,51.264115000000004,60.7857275,42.9976625,42.65405,47.3219175,42.375057500000004,41.9295325,40.5604675,39.62375,7.7934325,7.84667,1.01347,7.7407575,6.18818,27.728579999999997,50.074659999999994,40.37149,50.074659999999994,7.7934325,0,0,0,0,0,1,0,0,0,0,1,0,0,0,0,0,0,1
29,23298000.0,472710.0,1429.868,50.04,0.6559999999999999,7.887828,0.525,9.12,31.335,68.73,4.3,17.86,46.6,70.3,30.0,5.3,0.0,0.0,3.3,2.7,0.0,22.6,57.6,2.85,18.0,4.78,33.68916666666667,1.4,124.0,8.9,0.58,249.65333333333334,67.75,22.75,44.0,55.0,18.5,-0.3,10.05,5.0259574,79.05459405,169.4456533,4.6739999999999995,84.5,73.5,73.5,73.5,67.25,62.34946236580645,73.5,47.00596023,59.5655,56.98225,311.08,340.63300000000004,54.425,48.75,59.85,27.675,82.825,76.4,88.925,5290.0,6479.0,8188.0,10664.5,47034.0,20793.75,26240.25,4733.333333,24254.5,17972.25,70842.5,32223.75,38618.75,8.75,12.525,15.225,18.075,20.0675202,56.6026321,51.75,56.6026321,51.75,6.0,69.46725500000001,64.84808000000001,0.8759399999999999,74.032465,99.233465,93.589905,0.8930299999999999,104.80027,111.512635,105.6110125,0.9002049999999999,117.32497250000002,59.545125,44.77644,125.66913999999998,119.05317749999999,0.9006799999999999,132.17307749999998,1.143713333,22.36203053,47.01038877,10711478.2,80.8,42.566965,46.96141,6.0,4.0,12.0,4.0,6.0,16.0,25.42693,23.53120333,28.147555,34.4301,46.400895,49.172540000000005,46.993384999999996,45.85857,48.372,44.6063,46.444390000000006,36.513095,36.8334,1.0175575000000001,36.198570000000004,8.302563333,62.57585,49.98012,45.26021,49.98012,36.513095,0,0,0,0,0,1,0,0,1,0,0,0,0,0,0,0,0,1
30,76245000.0,2267050.0,507.598,50.13,0.6493612903225806,6.643680229,0.505,8.005,26.2,47.78,3.71,17.86,42.1,95.8,15.0,1.8,0.05,0.0,0.7,0.1,0.0,27.79767441860465,45.6,1.13,12.0,6.2,32.1,13.55,29.0,2.6,0.51,249.65333333333334,67.75,22.75,44.0,55.0,18.5,0.0,10.16,5.953505912000001,91.22492523,37.65184784,6.016,73.0,57.0,57.0,57.0,57.0,62.34946236580645,58.33333333,48.37035476,61.528999999999996,58.518,227.85766669999998,276.6943333,69.83333333,63.4,76.0,28.5,90.76666667,83.63333333,97.5,21125.66667,32248.33333,28334.0,33021.33333,232528.3333,104179.3333,128349.0,16000.0,96856.0,97582.0,299096.6667,135942.3333,163154.3333,10.16666667,18.93333333,13.1,20.1,27.88337186,61.836339,57.0,65.07591691222221,61.18888888888889,10.0,62.1405769688372,60.241274767441865,0.9337741472790698,63.827010175348825,89.95916100047619,87.58915449904761,0.9481025476190474,92.18703095619047,104.21707175177781,101.33151875777774,0.9464788111111113,107.0427676251111,47.754787072162166,34.147598359999996,115.18093657714287,111.85831979666666,0.9472256745714285,118.42754732690476,2.29196,8.129307995,48.9816153,2070244.8,52.475,37.835118076923074,47.88061887714285,6.0,3.0,12.0,3.0,6.0,16.0,18.24843998368293,15.47290127771429,21.801962805555558,25.837685694771434,47.24086392627907,47.37744205681818,47.867801984888885,46.25405988297297,46.9687082575,44.885698662162156,45.42169716659092,33.561783921675,33.57076746982501,1.0180346833249998,33.550075837174994,18.094089999999998,43.11924794162162,49.7229143835,39.92631,49.671473551111106,33.321973505714276,0,0,0,0,0,1,0,0,1,0,0,0,0,0,0,0,0,1
31,4856000.0,341500.0,1916.0279999999998,50.11,0.6493612903225806,9.176410771,0.59,10.075,31.465,58.735,10.02,17.86,48.9,85.9,2.0,9.0,0.0,0.0,2.8,1.1,0.0,27.79767441860465,67.8,3.11,26.0,4.59,33.68916666666667,9.32,27.0,7.8,0.56,249.65333333333334,67.75,22.75,44.0,55.0,18.5,-2.6,7.18,4.720442219,75.89081028,184.8206062,4.524,81.4,75.0,75.0,75.0,74.4,62.34946236580645,75.0,48.965600099999996,64.9114,62.2374,239.2114,275.4296,37.38,33.54,41.1,20.42,52.24,47.76,56.46,499.8,597.4,973.6,659.6,6282.8,2779.4,3503.4,680.0,3463.4,2652.8,8716.0,3931.8,4784.2,4.18,5.94,4.66,11.48,15.379888000000001,64.16216624,53.8,65.07591691222221,61.18888888888889,10.0,62.1405769688372,60.241274767441865,0.9337741472790698,63.827010175348825,89.95916100047619,87.58915449904761,0.9481025476190474,92.18703095619047,104.21707175177781,101.33151875777774,0.9464788111111113,107.0427676251111,47.754787072162166,34.147598359999996,115.18093657714287,111.85831979666666,0.9472256745714285,118.42754732690476,2.29196,8.129307995,48.9816153,2070244.8,52.475,37.835118076923074,47.88061887714285,6.0,3.0,12.0,3.0,6.0,16.0,18.24843998368293,15.47290127771429,21.801962805555558,25.837685694771434,47.24086392627907,47.37744205681818,47.867801984888885,46.25405988297297,46.9687082575,44.885698662162156,45.42169716659092,33.561783921675,33.57076746982501,1.0180346833249998,33.550075837174994,18.094089999999998,43.11924794162162,49.7229143835,39.92631,49.671473551111106,33.321973505714276,0,0,0,0,0,1,0,0,1,0,0,0,0,0,0,0,0,1
33,777000.0,1861.000061,1329.79,49.57,0.6493612903225806,5.980690187,0.545,5.625,17.81,40.76,4.34,17.86,45.3,0.2,99.8,0.0,0.0,0.0,0.0,0.0,0.0,27.79767441860465,29.4,3.15,25.0,4.42,33.68916666666667,7.7,27.0,0.9,0.5,249.65333333333334,67.75,22.75,44.0,55.0,18.5,-2.7,7.49,5.100195307,70.24034196,121.05687720000002,4.383,94.0,91.0,91.0,91.0,90.0,62.34946236580645,92.0,41.67242768,65.3195,61.9095,200.649,251.378,53.35,48.35,58.05,32.25,70.7,65.1,76.0,51.0,60.5,89.0,137.5,1369.0,606.0,763.0,73.5,839.5,690.0,1805.0,811.0,994.0,2.75,3.7,6.6,6.05,25.83674309,66.87465,59.0,67.27444755,52.0,6.0,65.79244,67.2552,1.044655,64.37740500000001,87.01005,86.82162,0.99564,87.192185,99.47711,98.32954000000001,0.97778,100.585245,57.489575,45.467890000000004,93.47321,94.22386999999999,1.01442,92.74945,8.45703,7.958551484,41.85944855,211207.8,71.15,43.37044,49.417615000000005,6.0,3.0,12.0,3.0,6.0,16.0,48.64921,18.707179999999997,53.686525,64.17321,50.26303,50.41445,48.556005,50.73166,50.86891,51.717475,51.82627,21.112865,21.46782,1.0336,20.770795,7.8856432290625005,48.441825,49.90169,42.83980065666667,49.90169,21.112865,0,0,0,0,0,1,0,0,0,0,0,1,0,0,0,0,0,1
38,914000.0,23180.0,2985.26,47.14,0.6493612903225806,5.435239433,0.535,5.305,18.58,42.245,5.86,17.86,44.6,2.3,96.9,0.2,0.0,0.0,0.3,0.0,0.2,30.9,41.24615384615384,2.77,35.0,2.91,33.68916666666667,6.48,66.0,0.5,0.52,249.65333333333334,67.75,22.75,44.0,55.0,18.5,1.4,7.84,6.625720697999999,46.92048463,146.69876100000002,2.912,92.0,84.0,84.0,84.0,74.0,82.0,84.0,39.51351703,66.086,62.398999999999994,228.30700000000002,275.191,54.3,49.4,58.9,33.5,65.3,59.7,70.7,102.0,212.0,315.0,160.0,1128.0,504.0,624.0,52.0,701.0,650.0,1362.0,611.0,751.0,5.6,11.7,8.9,17.9,30.081335600000003,68.22366099999999,80.0,70.445639,80.0,10.0,54.956024,55.360884,1.012586,54.630002000000005,63.802404,64.90835799999999,1.0322719999999999,62.893224,70.939374,72.588146,1.0441639999999999,69.5973,49.230076000000004,41.634572,67.102482,67.461878,1.01325,66.874832,1.207193378351351,26.912918599999998,39.658225,399064.6,62.25,41.4148925,46.597202,6.0,4.0,11.0,4.0,6.0,15.0,8.897428,12.508532,9.950747999999999,11.80368,45.271386,45.271386,46.36988,44.850978000000005,45.25288,44.110634000000005,45.210332,6.992746,7.057028,1.028014,6.944675999999999,7.8856432290625005,86.124638,48.155786,42.83980065666667,48.155786,6.992746,0,0,0,0,0,1,0,0,0,0,0,1,0,0,0,0,0,1
46,100835000.0,1000000.0,751.04,50.01,0.6198,4.99546041,0.65,5.56,20.495,53.11,4.97,17.86,35.0,54.0,42.6,0.06,0.0,0.0,2.6,0.0,1.0,28.9,21.7,3.44,25.0,4.57,20.1,7.56,127.0,2.9,0.49,249.65333333333334,64.0,27.0,41.0,52.0,25.0,0.8,7.02,6.32093766,75.38430198,66.04214732,4.4045,71.5,66.75,66.25,66.25,56.75,62.34946236580645,73.0,46.32728092,67.56325,63.794,191.415,243.15825,40.425,34.8,45.875,30.15,57.5,51.2,63.55,14249.0,21594.5,19074.5,19610.5,138238.75,58358.0,79880.75,14666.666669999999,104352.75,92761.0,194525.5,84939.0,109586.5,5.325,8.8,6.85,9.1,26.06692899,69.9659577,68.5,69.9659577,68.5,8.0,43.14386,41.4276,0.9248649999999999,44.826305,78.88455,75.51003,0.9187200000000001,82.19005,100.97149,96.0853,0.90851,105.76165,34.93947,17.54446,141.51953999999998,129.21098,0.84144,153.55911,1.207193378351351,15.94671696,46.36539482,49874226.4,59.2,33.790565,45.14692,7.0,4.0,13.0,4.0,7.0,17.0,4.86011,4.954330000000001,6.61975,15.07528,47.521295,47.521295,47.10823,48.45785,47.5309,49.00181,47.46889,29.437040000000003,28.6452,0.9482299999999999,30.2091,7.8856432290625005,18.223110000000002,48.03955,42.83980065666667,48.03955,29.437040000000003,1,0,0,0,0,0,0,0,0,0,1,0,0,0,0,0,0,1
49,1948000.0,257670.0,7444.714,49.08,0.6493612903225806,9.260464602,0.56,8.7,30.155,52.55,20.0,17.86,38.0,76.5,11.2,5.6,0.0,0.0,6.0,0.7,0.0,15.8,90.1,3.61,34.0,4.06,33.68916666666667,8.04,241.0,11.5,0.57,249.65333333333334,67.75,22.75,44.0,55.0,18.5,11.2,7.45,6.020881408999999,61.45118026,513.2421264999999,4.02,93.0,75.0,75.0,75.0,63.5,62.34946236580645,72.75,40.2022271,67.56625,63.684,204.5415,249.20575,33.925,29.9,37.725,21.45,46.375,41.8,50.7,303.25,276.75,310.5,289.0,2187.25,951.75,1235.5,170.0,1402.0,946.75,2942.75,1307.75,1635.0,7.425,7.6,5.9,8.375,14.26436895,70.3086288,51.5,70.3086288,51.5,10.0,62.1405769688372,60.241274767441865,0.9337741472790698,63.827010175348825,89.95916100047619,87.58915449904761,0.9481025476190474,92.18703095619047,104.21707175177781,101.33151875777774,0.9464788111111113,107.0427676251111,47.754787072162166,34.147598359999996,115.18093657714287,111.85831979666666,0.9472256745714285,118.42754732690476,1.207193378351351,51.94560343,40.19159261,680525.6,47.475,37.835118076923074,47.88061887714285,6.0,3.0,11.0,3.0,6.0,15.0,18.24843998368293,15.47290127771429,21.801962805555558,25.837685694771434,47.24086392627907,47.37744205681818,47.867801984888885,46.25405988297297,46.9687082575,44.885698662162156,45.42169716659092,33.561783921675,33.57076746982501,1.0180346833249998,33.550075837174994,7.8856432290625005,43.11924794162162,49.7229143835,42.83980065666667,49.671473551111106,33.321973505714276,0,0,0,0,0,1,0,0,1,0,0,0,0,0,0,0,0,1
52,27849000.0,227540.0,2021.12,49.35,0.6811,6.340163039,0.43,6.445,21.63,46.785,2.15,17.86,43.5,74.9,17.8,4.2,0.0,0.0,4.9,0.2,0.0,14.0,57.3,6.63,28.0,4.04,30.3,2.1,52.0,2.7,0.62,249.65333333333334,77.0,20.0,46.0,54.0,16.0,-0.4,7.66,5.144863708,64.1933832,160.0495504,3.95525,97.0,94.25,94.25,94.25,91.25,76.0,93.75,46.42332848,64.308,62.27425,219.5425,259.5535,36.825,32.675,40.725,24.75,51.2,46.05,56.075,3253.5,4738.75,4274.5,4750.0,31544.5,13649.75,17894.75,2700.0,21441.0,20112.25,43586.5,19110.75,24475.75,4.95,7.925,6.525,7.975,22.70042813,65.70530525,32.0,65.70530525,32.0,11.0,85.70899399999999,85.716296,1.000364,85.701798,99.510348,99.869546,1.00721,99.165772,105.797124,106.309964,1.00962,105.304854,68.342174,51.132504,103.5401775,104.02484749999999,1.009285,103.0748925,0.50679,32.88866688,46.43803506,12309510.2,51.225,48.49135,49.21349,4.0,3.1382978723404253,12.0,4.0,6.0,15.0,21.913218,26.054745,16.454968,7.367456,48.927132,48.927132,49.215236,48.272366,48.82091,47.169304,48.61654,117.8067175,119.06756750000001,1.02115,116.59604499999999,3.217976667,27.8919825,49.468806,41.00343,49.494366,55.2240875,0,0,0,1,0,0,0,0,1,0,0,0,0,0,0,0,0,1
53,11432000.0,245720.0,881.248,52.11,0.6493612903225806,6.427897607999999,0.39,6.925,25.9,55.365,4.53,17.86,33.7,10.9,84.4,1.8,0.0,0.0,2.7,0.0,0.0,27.4,36.5,3.14,33.0,4.93,33.68916666666667,8.82,28.0,1.3,0.45,249.65333333333334,67.75,22.75,44.0,55.0,18.5,-5.4,9.34,5.508803722000001,84.41820247,102.4984411,4.816,72.75,47.0,46.5,46.5,47.0,62.34946236580645,47.75,54.45746187,60.84925,59.7665,240.68900000000002,267.36400000000003,66.875,60.525,72.95,31.275,104.35,98.05,110.375,2102.75,3986.0,4391.5,4765.75,29038.25,13011.0,16027.25,2766.666667,13828.5,11557.25,44836.0,20831.25,24004.75,6.65,14.3,13.5,18.9,25.46072516,61.0741449,62.75,61.0741449,62.75,6.0,62.1405769688372,60.241274767441865,0.9337741472790698,63.827010175348825,89.95916100047619,87.58915449904761,0.9481025476190474,92.18703095619047,91.50917,82.36128000000001,0.81931,100.52476999999999,47.754787072162166,34.147598359999996,115.0017,106.52288,0.86336,123.3816,1.207193378351351,12.0,54.4268723,4165368.6,104.125,37.835118076923074,46.04187,7.0,2.0,13.0,4.0,7.0,17.0,18.24843998368293,30.63966,21.801962805555558,25.837685694771434,47.24086392627907,39.640955,44.67386,46.25405988297297,38.6253,44.885698662162156,36.26095,33.561783921675,33.57076746982501,1.0180346833249998,33.550075837174994,7.8856432290625005,43.11924794162162,49.7229143835,42.83980065666667,48.403945,33.321973505714276,0,0,0,0,0,1,0,0,0,0,0,1,0,0,0,0,0,1
54,2086000.0,10120.0,694.794,50.39,0.6493612903225806,5.57860785,0.35,6.11,22.05,46.925,9.42,17.86,35.9,4.5,95.1,0.0,0.0,0.0,0.1,0.0,0.0,21.8,62.6,4.33,21.0,5.39,33.68916666666667,9.13,31.0,3.8,0.49,249.65333333333334,67.75,22.75,44.0,55.0,18.5,-1.6,8.33,5.746038461294119,72.87495398666665,227.51729276836733,4.295001960764706,84.75966666659998,77.72712418313726,77.6339869282353,77.63888888901961,75.52745098039216,62.34946236580645,77.42156862745098,43.059729483431376,64.75064836607844,60.873446732156864,225.18017418431373,284.50474215294116,48.53111111098039,43.7759477127451,53.04307189549021,27.154901960980396,68.89617647117646,63.71434640509804,73.82016339862746,4108.507843190785,5721.58333326804,6125.53692805098,6918.376143724844,49178.50686200647,21721.399018966666,27457.107843261372,4352.866013196079,28124.145098045687,21972.67352932686,69916.4732033196,31748.988888294116,38167.48431326137,5.981535947764705,10.136111110901961,8.553333333333335,13.70843137235294,20.827480818117653,65.41619590156863,61.326797385490195,65.07591691222221,61.18888888888889,9.0,62.9176,65.49303499999999,1.0854875,60.366859999999996,84.4657725,87.768315,1.08041,81.2122425,93.8297075,97.48868,1.080135,90.23353,47.754787072162166,34.147598359999996,105.36424,108.881725,1.0684049999999998,101.913915,1.207193378351351,18.27881815,43.89613261,730083.4,61.525,36.45128,51.172075,7.0,2.0,13.0,3.0,7.0,16.0,21.1693425,28.826777500000002,21.801962805555558,25.837685694771434,51.7975575,51.7975575,51.4935425,46.25405988297297,51.806934999999996,44.885698662162156,51.8082875,38.631865000000005,39.766725,1.059915,37.519434999999994,7.8856432290625005,71.9923525,50.954767499999996,42.83980065666667,49.671473551111106,33.321973505714276,0,0,0,0,0,1,0,0,0,0,0,1,0,0,0,0,0,1
60,10696000.0,27560.0,787.938,50.64,0.6493612903225806,7.093064775,0.465,9.36,15.31,21.91,14.05,17.86,41.1,86.9,0.1,10.6,0.0,0.0,2.2,0.3,0.0,34.7,57.1,4.57,27.0,3.1,33.68916666666667,6.68,80.0,5.8,0.63,249.65333333333334,67.75,22.75,44.0,55.0,18.5,-2.9,8.89,7.797223946,55.0706303,149.6633352,3.015,83.0,64.0,64.0,64.0,69.0,29.66666667,64.0,47.32122133,65.2425,60.93525,206.5635,268.1145,51.3,46.05,56.275,26.475,67.575,61.7,73.125,1151.0,1647.0,2540.5,1705.0,13866.5,6080.25,7786.25,1300.0,7206.0,5683.25,18305.75,8164.0,10141.75,4.85,7.3,6.875,12.15,20.44933523,66.70683845,74.25,66.70683845,74.25,6.0,62.1405769688372,60.241274767441865,0.9337741472790698,63.827010175348825,89.95916100047619,87.58915449904761,0.9481025476190474,92.18703095619047,104.21707175177781,101.33151875777774,0.9464788111111113,107.0427676251111,47.754787072162166,34.147598359999996,115.18093657714287,111.85831979666666,0.9472256745714285,118.42754732690476,0.993646667,17.30750808,47.32236736,4871939.4,67.7,37.835118076923074,47.88061887714285,6.0,3.1382978723404253,12.0,3.0,6.0,15.0,18.24843998368293,15.47290127771429,21.801962805555558,25.837685694771434,47.24086392627907,47.37744205681818,47.867801984888885,46.25405988297297,46.9687082575,44.885698662162156,45.42169716659092,33.561783921675,33.57076746982501,1.0180346833249998,33.550075837174994,7.8856432290625005,43.11924794162162,49.7229143835,42.83980065666667,49.671473551111106,33.321973505714276,0,0,0,0,0,1,0,0,1,0,0,0,0,1,0,0,0,0
74,47878000.0,569140.0,1568.858,50.33,0.6803,6.324111747999999,0.54,6.6,25.255,56.875,11.59,17.86,40.8,84.8,9.7,2.5,0.1,0.0,1.7,1.2,0.0,25.2,28.0,5.18,28.0,3.77,33.68916666666667,4.93,102.0,3.4,0.48,277.72,64.0,27.0,41.0,52.0,25.0,-0.2,5.93,3.879357629,71.0755911,158.26648459999998,3.623,92.5,88.0,88.0,88.25,92.5,35.0,86.0,48.733004799999996,67.94,63.24675,182.68975,259.7975,34.125,30.625,37.45,22.1,47.1,43.025,51.025,5905.5,7592.25,9457.0,8028.0,49901.5,22096.75,27804.75,5100.0,32532.75,29495.0,68961.75,31064.75,37897.0,4.7,6.9,5.8,10.15,19.64235016,69.72094399999999,51.25,69.72094399999999,51.25,12.0,91.81477,92.18236999999999,1.007975,91.451865,100.731145,100.87586,1.0028549999999998,100.588725,103.43345500000001,103.51585,1.001585,103.352455,47.754787072162166,34.147598359999996,94.57478499999999,92.75244,0.9625100000000001,96.365535,0.299836667,17.00498502,48.79363927,22388894.4,43.7,37.835118076923074,48.608165,6.0,3.0,12.0,3.0,6.0,14.0,13.276055,15.47290127771429,21.801962805555558,25.837685694771434,49.880445,49.880445,49.624005,46.25405988297297,48.85948,44.885698662162156,48.000040000000006,75.44706,74.69999,0.9806,76.181975,2.82803,32.766415,49.09472,41.78600667,49.09472,75.44706,0,0,0,1,0,0,0,0,1,0,0,0,0,0,0,0,0,1
79,6741000.0,230800.0,2388.95,49.85,0.6993,7.890041411,0.45,11.375,11.73,17.2,0.65,17.86,36.4,1.5,0.0,0.9,0.0,66.0,30.7,0.7,0.0,25.7,36.3,2.14,15.0,2.8,23.1,7.01,130.0,10.4,0.67,249.65333333333334,67.75,22.75,44.0,55.0,18.5,-3.5,6.69,6.263402765,52.67716284,152.8065719,2.738,80.0,71.66666667,71.66666667,71.66666667,72.66666667,57.0,71.0,49.05489608,68.82,65.251,166.646,212.364,40.0,35.36666667,44.4,23.53333333,50.73333333,45.6,55.56666667,762.6666667000001,744.0,1092.0,641.3333332999999,6624.333333,2859.0,3765.333333,340.0,3928.666667,3000.0,8408.333333,3691.0,4717.333333,5.233333333,5.233333333,4.133333333,7.8,17.6726827,72.81991867,45.33333333,65.07591691222221,61.18888888888889,6.0,78.0109925,75.5148025,0.938865,80.4378425,95.03219250000001,92.60127750000001,0.951,97.3868825,107.9989375,105.66051499999999,0.95845,110.25767250000001,66.1515225,50.2246075,104.3168675,102.36362249999999,0.963875,106.19932250000001,0.69648,21.86014503,49.04519365,3660549.2,50.375,58.320145,48.155175,6.0,3.1382978723404253,11.0,3.0,6.0,15.0,3.061676667,5.52706,2.7880566669999998,2.20082,47.711999999999996,47.7325025,48.06777,47.398984999999996,47.375095,46.74693,46.598385,41.07414,41.69238,1.030535,40.479195000000004,4.121253333,18.004952499999998,49.790675,49.92275,49.726755,21.9418775,0,0,1,0,0,0,0,1,0,0,0,0,0,0,0,1,0,0
81,4472000.0,96320.0,684.582,49.83,0.6493612903225806,7.160035643,0.38,7.76,30.35,70.08,2.27,17.86,35.3,85.9,20.0,1.4,0.0,0.0,0.5,0.1,0.0,34.9,52.1,5.45,21.0,4.54,33.68916666666667,3.23,50.0,5.8,0.51,249.65333333333334,67.75,22.75,44.0,55.0,18.5,1.2,8.21,5.823043744,75.46385926,120.3624293,4.42575,90.75,83.0,83.0,83.0,83.0,62.34946236580645,83.0,47.31601555,64.42,61.63075,213.52475,253.14,64.725,58.625,70.45,32.975,88.65,82.075,94.8,929.5,1965.5,875.25,1153.25,9955.5,4396.5,5559.0,1033.333333,5155.25,3960.75,13542.75,6106.75,7436.0,8.0,19.65,8.9,10.725,24.68042095,65.88286435,49.5,65.88286435,49.5,6.0,48.80862667,46.00312333,0.891453333,51.53113333,77.32233667,75.08619667,0.9470299999999999,79.48399333,89.97070333,88.02331333,0.961156667,91.84983000000001,37.9035,29.949579999999997,96.469025,96.491935,1.00061,96.4469,1.207193378351351,16.10119538,47.34341683,2099559.4,74.825,9.982439999999999,49.063075,6.0,3.0,12.0,3.0,6.0,15.0,56.24414333,43.36885667,58.36831,64.69804,46.28711,46.28711,48.08483,42.85374,47.323275,41.84019,46.71285,139.1172967,138.5010533,0.993766667,139.7102,7.8856432290625005,40.92596667,48.84716333,42.83980065666667,48.84716333,139.1172967,0,0,0,1,0,0,0,0,1,0,0,0,0,0,0,0,0,1
84,2059000.0,30360.0,1145.042,50.85,0.753,27.66374454,0.19,36.465,57.22,86.29,26.98,17.86,44.9,96.7,0.1,3.1,0.0,0.0,0.1,0.0,0.0,23.2,29.0,6.54,22.0,3.22,33.68916666666667,41.25,92.0,5.0,0.77,249.65333333333334,67.75,22.75,44.0,55.0,18.5,-4.7,15.75,7.822323849,53.18956554,255.99206549999997,3.1766666669999997,95.66666667,85.66666667,85.66666667,85.66666667,91.0,82.0,86.33333333,45.309869299999995,55.80466667,49.466,448.32,551.589,70.9,63.76666667,77.76666667,43.46666667,89.8,82.06666667,97.2,165.66666669999998,474.0,778.3333332999999,238.66666669999998,3990.333333,1773.6666670000002,2216.666667,320.0,2471.666667,1666.333333,5076.0,2293.0,2783.0,3.733333333,10.9,5.4,18.73333333,28.47083548,45.11951713,51.0,44.876506299999996,50.5,7.0,71.34966333,81.61883,1.33628,61.097409999999996,104.14741670000001,105.17718329999998,1.0200466670000001,103.11279329999999,118.40909669999999,115.3745467,0.949853333,121.46641329999999,60.403119999999994,43.524440000000006,119.51989329999999,113.33112,0.9012899999999999,125.74174,1.3964166669999998,27.12,45.29118511,951017.6,86.275,33.246375,47.53615,6.0,3.0,13.0,3.0,6.0,16.0,1.28706,4.116116667,1.9983400000000002,3.65941,57.15545667,57.15479667,48.90102333,57.25520667,57.21276333,57.52508,57.37298333,39.14128,39.764990000000004,1.03247,38.518425,13.119620000000001,24.302825,50.77987,60.60256667,50.77987,39.14128,0,0,0,1,0,0,0,0,1,0,0,0,0,0,0,0,0,1
90,24234000.0,581800.0,501.642,50.15,0.7016,6.10464604,0.6,7.25,24.665,49.975,1.8,17.86,42.6,85.3,3.0,6.9,0.05,0.0,4.5,0.1,0.0,41.5,38.5,5.64,35.0,4.24,33.68916666666667,7.69,93.0,1.9,0.49,249.65333333333334,67.75,22.75,44.0,55.0,18.5,-0.1,6.47,5.196026511,73.5464769,87.04162343,4.158,70.0,73.75,73.75,73.75,59.75,62.34946236580645,73.25,48.83205352,67.70175,64.54325,186.832,237.43075,39.075,34.925,42.975,21.175,55.075,50.225,59.75,4834.75,6485.75,5894.75,7784.75,32079.0,14156.25,17922.75,2866.666667,17666.0,14240.5,44683.75,20078.0,24605.75,7.725,11.5,11.25,12.3,16.76534801,70.50095725,52.5,70.50095725,52.5,5.0,47.656355,48.3884525,1.03162,46.9289275,103.7967233,104.11108,1.00615,103.48598670000001,144.5575567,144.76823000000002,1.00294,144.35003999999998,37.562765,23.0437625,168.6126367,170.19021999999998,1.01884,167.06162,0.18231,6.229211696,48.84387461,13025955.0,55.875,26.208365,50.044090000000004,6.0,3.0,11.0,3.0,6.0,15.0,39.457384999999995,18.97147333,41.775177500000005,48.6722875,50.634272499999994,50.6787075,49.73835,50.08207,50.4505875,48.4430475,49.72721,30.927442499999998,32.293225,1.0893125,29.5901975,3.67305,36.350722499999996,51.6199825,48.205585,51.6199825,30.927442499999998,0,0,0,0,0,1,0,0,1,0,0,0,0,0,0,0,0,1
93,17439000.0,1220190.0,830.6560000000001,50.0,0.5872,3.564229557,0.35,4.295,14.21,32.76,7.73,17.86,33.0,3.2,95.0,0.6,0.0,0.0,1.2,0.0,0.0,24.1,43.9,4.92,22.0,6.15,33.68916666666667,10.9,33.0,1.3,0.44,249.65333333333334,67.75,22.75,44.0,55.0,18.5,-3.7,10.65,5.066593818,96.08597593,82.92619069,6.01175,81.5,75.25,75.25,75.25,69.0,62.34946236580645,70.75,43.77753596,58.93075,57.486999999999995,251.24599999999998,269.9775,64.375,58.45,69.9,33.8,102.975,97.025,108.5,4242.25,4050.25,3880.0,8669.25,48933.25,21717.25,27216.0,4533.333333,26146.5,16133.25,77231.0,35528.5,41702.5,8.675,10.325,14.725,12.3,20.39148019,58.45097815,66.75,58.45097815,66.75,9.0,52.8537975,48.29017,0.84496,57.294647499999996,70.0559,65.6059525,0.8823625,74.372795,77.156205,72.7676375,0.893935,81.40815500000001,41.815884999999994,29.1945875,70.93831999999999,67.05942333,0.8975833329999999,74.69043333,0.55633,11.48072883,43.77817259,6877254.4,103.325,29.58789,46.47059,7.0,3.75,13.0,3.5,7.0,16.0,28.26843,39.52281,40.79048667,67.02089333,45.08303,45.08303,46.4116,43.549929999999996,43.95649,40.3773025,40.1311825,5.5602575,5.7001975,1.050835,5.42508,10.10927,77.90015,50.37218,29.65822333,50.37218,5.5602575,0,0,0,0,0,1,0,0,0,0,0,1,0,0,0,0,0,1
95,52681000.0,653080.0,1334.3020000000001,51.8,0.6493612903225806,5.123643093,0.16,6.695,7.485,10.34,0.77,17.86,30.7,7.8,4.0,0.5,1.7,80.1,5.8,0.2,0.0,19.8,31.1,3.55,24.0,2.2,31.0,2.27,171.0,4.8,0.57,249.65333333333334,67.75,22.75,44.0,55.0,18.5,-2.0,8.3,8.104541756,40.17422559,280.4014486,2.1755,90.75,89.75,89.75,89.75,87.75,82.75,89.5,40.95713837,69.43825,63.19325,160.02225,230.96375,38.825,34.525,42.85,23.875,49.05,44.325,53.475,2546.75,3665.75,5724.25,2827.75,36533.25,16052.5,20480.75,2333.333333,22583.0,14085.25,46321.75,20669.25,25652.5,2.475,3.625,2.95,6.125,14.67054199,73.9250125,70.5,73.9250125,70.5,5.0,71.87721333,73.73350667,1.052843333,70.03528667,93.04801667,92.55041333,0.9895200000000001,93.54059333,111.14492,108.66856329999999,0.956816667,113.5917767,64.34578,49.36043333,135.29394,130.57755,0.93306,139.94576999999998,0.182,25.82577379,40.8621055,24596221.0,48.85,63.480959999999996,47.92447,5.0,3.1382978723404253,10.0,3.0,5.0,14.0,3.7503566669999997,4.66916,4.97984,8.509216667,51.09341333,51.09341333,48.59658333,52.00845333,52.06127,54.67517667,54.89881,9.127326667,9.23423,1.02365,9.022026667,1.1622299999999999,29.86383333,50.203109999999995,58.560559999999995,49.671473551111106,33.321973505714276,0,0,1,0,0,0,0,1,0,0,0,0,0,0,0,1,0,0
98,27042000.0,786380.0,494.194,51.59,0.7349,9.185057733999999,0.875,11.74,38.325,78.54,25.3,17.86,54.0,56.7,18.0,17.9,0.0,0.0,7.4,0.0,0.0,28.8,37.1,3.65,19.0,5.06,33.68916666666667,3.4,63.0,2.4,0.52,249.65333333333334,67.75,22.75,44.0,55.0,18.5,-2.9588235294117644,10.03,5.560851086,86.43309659,62.34807396,4.945333333,94.0,88.0,88.0,88.0,87.0,52.0,88.0,52.23977604,61.65933333,55.90066667,279.488,367.1293333,58.6,54.36666667,62.73333333,29.96666667,80.6,75.73333333,85.3,5786.0,6538.333333,11424.0,7416.0,62158.666670000006,28595.0,33563.66667,3200.0,32354.66667,25403.33333,84527.66667,39389.0,45138.66667,7.733333332999999,10.33333333,8.733333333,21.93333333,22.95923361,59.12570253,50.0,58.858800699999996,49.25,8.270833333333334,39.132234999999994,37.568725,0.9233100000000001,40.714475,89.510785,85.59912,0.9162049999999999,93.4398,109.42348249999999,104.9014425,0.9205625,113.94968999999999,34.488054999999996,26.78861,162.91948,159.552325,0.9594950000000001,166.2730175,0.09934,14.81825736,52.21673805,12391101.8,77.15,17.729129999999998,48.854105,6.083333333333333,3.0,13.0,3.0,6.0,16.0,9.605045,1.820195,11.962589999999999,17.08462,48.293034999999996,48.65074,47.950575,47.724090000000004,48.784555,46.589475,49.1153725,33.561783921675,33.57076746982501,1.0180346833249998,33.550075837174994,1.4174633330000002,43.11924794162162,49.7229143835,44.2191775,49.671473551111106,33.321973505714276,0,0,0,0,0,0,1,0,1,0,0,0,0,0,0,0,0,1
99,4046000.0,1030700.0,1583.566,49.89,0.581,3.993579308,0.32,3.905,14.605,35.585,9.85,17.86,32.6,0.1,99.9,0.0,0.0,0.0,0.0,0.0,0.0,26.7,55.3,3.92,22.0,4.74,33.68916666666667,9.94,53.0,0.0,0.5,249.65333333333334,67.75,22.75,44.0,55.0,18.5,1.3,7.61,5.530361622999999,71.28503178,169.8659515,4.64925,87.75,77.25,77.25,77.25,74.5,62.34946236580645,75.5,31.41478675,65.93925,62.678999999999995,178.62,223.1735,53.2,47.45,58.625,33.8,79.025,72.675,84.95,220.0,921.5,1077.75,634.75,7590.25,3306.75,4283.5,1100.0,4902.5,3375.75,11128.25,4995.25,6133.0,2.25,10.6,5.625,13.95,22.73817777,68.8078349,56.0,68.8078349,56.0,9.0,39.4057775,39.3983675,0.9998174999999999,39.41281,77.3555425,79.1685525,1.047605,75.59298249999999,99.4740625,102.3459975,1.0588024999999999,96.681935,33.373997499999994,24.6005325,111.8958775,113.141545,1.021975,110.68597,1.213296667,18.00003012,31.44484081,1173042.0,79.525,23.2771125,49.813835,6.0,3.1382978723404253,12.0,3.0,6.0,16.0,23.64955667,15.17105,26.829990000000002,34.45545,49.275285,49.275285,50.723155,48.78069,48.854147499999996,47.591275,47.80243,10.49137,11.72213,1.2607700000000002,9.29758,22.82984,43.11924794162162,55.01354,32.83262,55.01354,4.9878800000000005,0,0,0,0,0,1,0,0,0,0,0,1,0,0,0,0,0,1
101,16745000.0,94280.0,369.18199999999996,50.73,0.7139,6.919267542999999,0.705,7.68,27.205,61.125,5.88,17.86,44.7,82.7,13.0,2.5,0.0,0.0,1.7,0.0,0.0,23.0,17.4,5.5,18.0,4.53,33.68916666666667,1.73,76.0,3.7,0.5,249.65333333333334,67.75,22.75,44.0,55.0,18.5,-1.0,7.42,5.002843443,84.17896019,112.83023829999999,4.36125,89.25,88.0,88.0,88.0,84.5,52.0,87.25,48.65708536,66.03225,59.82275,224.06175,337.256,34.55,30.6,38.275,21.55,48.65,43.625,53.35,2233.5,3054.0,4123.5,4427.75,20819.75,9103.25,11716.5,2166.666667,13134.25,10476.25,29155.0,12912.0,16243.0,4.825,7.8,8.35,12.375,16.89451335,66.63145405,47.75,66.63145405,47.75,8.0,48.159995,46.9949175,0.9535075000000001,49.325295000000004,109.8315675,110.32351000000001,1.0089825000000001,109.34275749999999,144.719115,146.29598000000001,1.0219125,143.1560225,40.030395,22.150085,138.74078500000002,136.51236,0.9702200000000001,140.93845,1.207193378351351,10.1840548,48.67461165,7576538.6,54.325,31.89968,48.8729,6.0,3.0,12.0,3.0,6.0,16.0,6.629035000000001,1.6701400000000002,9.49442,22.68855,48.7683725,48.7683725,50.3157475,48.2005575,48.2005575,45.4497075,45.4497075,83.58057,84.0181,1.01045,83.14944,7.8856432290625005,4.79436,49.8917,42.83980065666667,49.8917,83.58057,0,0,0,0,0,1,0,0,1,0,0,0,0,0,0,0,0,1
103,2315000.0,823290.0,5029.734,51.6,0.7094,9.807063132,0.095,13.34,21.725,26.82,19.59,17.86,59.1,97.5,0.3,1.9,0.0,0.0,0.2,0.0,0.0,24.9,52.0,6.43,20.0,3.54,33.68916666666667,17.14,295.0,9.8,0.77,249.65333333333334,67.75,22.75,44.0,55.0,18.5,-3.3,8.67,6.173755569,62.05755983,930.5329895,3.446333333,92.33333333,87.33333333,87.33333333,87.33333333,79.0,41.0,83.66666667,48.71682877,65.805,60.00899999999999,249.03566669999998,345.3203333,31.86666667,28.5,34.96666667,19.76666667,44.7,40.63333333,48.6,275.3333333,393.0,698.3333332999999,387.3333333,2210.333333,987.3333332999998,1223.0,140.0,1382.0,1071.333333,3090.333333,1399.333333,1691.0,5.3,7.933333332999999,6.466666667,14.36666667,15.08236478,64.23592753,62.0,63.58022415,62.75,7.0,106.67943999999999,109.65343999999999,1.05766,103.67564,119.36386999999999,118.47715,0.9852200000000001,120.25487,124.21378,121.987245,0.964735,126.44646499999999,47.754787072162166,34.147598359999996,113.11719,113.3734,1.00455,112.86073999999999,2.1667400000000003,35.90706592,48.87622917,907170.0,42.2,53.744519999999994,50.134859999999996,7.0,3.0,14.0,5.0,7.0,17.0,4.56187,5.998905000000001,21.801962805555558,25.837685694771434,51.65011,51.65011,49.171440000000004,46.25405988297297,52.22742,44.885698662162156,54.13975,33.85429,34.46975,1.037045,33.23871,9.944163332999999,14.958789999999999,50.914255,65.00450333,51.68003,39.48407,0,0,0,1,0,0,0,0,1,0,0,0,0,0,0,0,0,1
104,20002000.0,1266700.0,524.216,49.86,0.6493612903225806,3.510501538,0.275,4.625,16.66,36.015,0.34,17.86,34.3,0.8,98.4,0.7,0.0,0.0,0.0,0.0,0.0,30.2,16.6,3.29,34.0,7.17,33.68916666666667,4.44,44.0,0.5,0.46,249.65333333333334,67.75,22.75,44.0,55.0,18.5,0.2,9.15,5.466443101,105.88940749999999,70.02878189,7.0425,91.0,82.0,82.0,82.0,80.0,35.25,82.25,42.51222094,62.5205,60.2385,228.84,257.347,49.85,45.325,54.175,25.625,88.55,84.6,92.425,8900.5,5041.0,6282.5,12135.0,48443.5,21504.5,26939.0,5200.0,25463.5,20378.5,83547.75,38865.0,44682.75,15.6,11.1,17.225,17.55,20.08003195,63.49381755,53.75,63.49381755,53.75,8.270833333333334,29.8628,25.52537667,0.748316667,34.05019667,58.16697667,52.87862333,0.83544,63.27945,73.25481333,67.44399333,0.85496,78.87652333,22.49064667,10.89465333,84.515085,78.7251925,0.8746,90.1170875,0.313113333,5.568444313,42.48288853,7812631.2,88.75,21.86019333,45.831084999999995,6.083333333333333,4.0,13.0,4.0,7.0,17.0,14.063429999999999,3.4465,16.32247333,26.04603333,41.9364,42.5411875,45.26886333,41.82225,41.29804,41.29432,33.47951,7.790957499999999,7.985735000000001,1.0503975,7.60275,8.976613333,15.8083625,50.37005,31.822155,50.37005,7.790957499999999,0,0,0,0,0,1,0,0,0,0,0,1,0,0,0,0,0,1
105,181136992.0,910770.0,2227.516,49.36,0.6469,3.9023647739999996,0.41,4.225,14.62,45.67,4.31,17.86,35.1,48.0,51.0,0.04,0.0,0.01,1.0,0.06,0.0,27.9,52.0,4.12,6.0,5.59,21.4,9.85,36.0,13.4,0.46,311.39,77.0,20.0,46.0,54.0,16.0,-0.4,12.69,5.156313633,82.72102098,217.70564269999997,5.4905,62.75,51.5,51.5,51.5,50.25,62.34946236580645,51.5,45.00788497,54.61725,52.8795,331.0155,369.4405,77.75,70.725,84.55,36.75,123.65,116.75,130.3,39035.5,35258.25,36631.25,78461.5,555218.5,245389.25,309829.25,66666.66667,267536.5,169063.0,874032.25,400743.25,473289.0,8.3,8.975,14.15,11.175,22.68279546,49.92068485,23.5,49.92068485,23.5,9.0,47.145115000000004,45.28314,0.925125,48.93978,72.80319,70.44036,0.93829,75.07337,84.72564,82.17733,0.94271,87.17114000000001,44.39227,41.31236,115.18093657714287,111.85831979666666,0.9472256745714285,118.42754732690476,1.207193378351351,34.55666667,44.99467192,56991255.8,122.825,37.835118076923074,47.88061887714285,6.0,1.0,12.0,5.0,6.0,15.0,20.130010000000002,12.656139999999999,20.652645,21.334025,47.136790000000005,47.37744205681818,47.49777,46.746970000000005,46.9687082575,46.247025,45.42169716659092,33.561783921675,33.57076746982501,1.0180346833249998,33.550075837174994,7.8856432290625005,43.11924794162162,49.7229143835,42.83980065666667,49.671473551111106,33.321973505714276,0,0,0,1,0,0,0,0,0,0,1,0,0,0,0,0,0,1
109,27015000.0,143350.0,918.168,54.11,0.6053,7.856490727000001,0.635,10.935,11.785,17.955,3.1,17.86,32.8,0.5,4.6,0.3,80.7,10.3,3.7,0.07,0.0,20.8,20.6,5.28,28.0,2.1,44.46,2.16,79.0,2.0,0.5,249.65333333333334,67.75,22.75,44.0,55.0,18.5,-15.1,6.5,9.012486249,51.00522598,153.2698415,2.00225,94.5,89.75,89.75,89.75,87.25,51.0,89.0,55.83520149,71.42025,68.558,129.542,170.08599999999998,28.025,25.55,30.35,21.375,33.975,31.625,36.225,1711.5,3365.5,3673.5,2133.25,15870.0,7022.75,8847.25,1200.0,12110.75,10681.75,19327.5,8735.0,10592.5,2.725,5.05,3.7,6.525,18.48678592,77.28519355,75.75,77.28519355,75.75,9.0,98.8055325,101.794925,1.062235,95.9391925,126.04272749999998,128.9723975,1.047315,123.1911875,143.6823825,146.350985,1.0376025,141.0610225,73.2194125,55.0783,151.7434675,152.318125,1.0074225,151.17956,1.6516433330000002,23.75679395,55.81383506,15890681.0,34.2,57.39297,50.147152500000004,4.0,3.0,10.0,3.0,5.0,13.0,16.613889999999998,15.978457500000001,21.801962805555558,25.837685694771434,50.6244875,50.6244875,50.652035,50.9545375,51.1185425,51.3435375,51.7360525,88.24979,84.42968,0.9173775,92.04406,13.35230333,35.6174475,47.669242499999996,52.5153175,47.669242499999996,88.24979,0,0,1,0,0,0,0,0,0,1,0,0,0,0,0,0,1,0
112,199427008.0,770880.0,1391.424,48.53,0.5459,4.30199754,0.545,7.105,4.28,5.505,3.57,17.86,33.5,1.6,96.4,0.01,1.9,0.01,0.02,0.01,0.0,28.5,37.2,4.25,29.0,3.66,65.81,3.88,38.0,0.3,0.67,159.85,55.0,14.0,50.0,70.0,0.0,-1.1,7.11,7.177581352000001,59.23911013,148.3467102,3.5860000000000003,86.25,74.25,74.25,74.25,74.75,63.75,74.25,21.03680151,67.8305,65.94775,139.63625,176.6265,59.65,54.2,64.9,43.7,72.725,68.05,77.175,17944.25,27516.25,22931.5,23725.0,347435.75,151075.0,196360.75,8566.666667,258282.0,196310.25,421245.25,188700.75,232544.5,3.975,6.425,4.9,5.725,32.12218619,72.55134365,63.5,72.55134365,63.5,12.0,51.53559,47.1627625,0.84852,55.564085,76.280385,70.0493825,0.8537024999999999,82.0534425,90.3311875,82.9884675,0.8543325,97.15557,40.9099175,32.647995,112.51048999999999,104.170335,0.8662475000000001,120.2794975,0.251556667,13.96514892,20.89529776,70702487.0,72.65,25.968220000000002,44.656935,5.0,3.0,10.0,3.0,5.0,13.0,36.221157500000004,36.162097499999994,33.95136,31.1535725,43.875955,43.875955,44.256640000000004,42.996305,43.2594175,41.912845000000004,42.4494075,74.59532,69.23994,0.8699825000000001,79.57838000000001,2.734616667,37.245585,44.7390775,44.985577500000005,44.7390775,74.59532,0,0,1,0,0,0,0,0,0,0,0,1,0,0,0,0,1,0
123,11369000.0,24670.0,772.002,50.9,0.6493612903225806,6.210525039,0.635,6.18,24.075,60.8,1.16,17.86,43.7,93.4,4.8,3.6,0.0,0.0,1.0,0.2,0.0,29.1,17.4,3.16,26.0,4.16,33.68916666666667,2.52,511.0,9.0,0.59,249.65333333333334,67.75,22.75,44.0,55.0,18.5,-2.0,5.6,4.936481177,70.71089920000001,128.74815619999998,4.103,98.25,97.75,97.75,97.75,96.75,92.0,98.25,51.57418891,70.1425,65.9715,168.3525,222.8525,29.05,26.15,31.825,17.025,38.525,35.025,41.85,1437.0,1587.5,2092.5,1853.0,10946.0,4884.75,6061.25,983.3333332999998,6493.75,6902.75,14364.25,6472.5,7891.75,5.025,6.35,5.775,9.625,17.7590395,74.01768359999998,80.0,74.01768359999998,80.0,6.0,46.0509,49.2762375,1.1508575,42.7994425,109.7186625,110.57010249999999,1.015675,108.8627825,137.9066025,137.7646125,0.9978375,138.0483175,38.7256525,30.8208475,129.60744499999998,126.0282925,0.9465674999999999,133.18670749999998,0.456263333,19.92254421,51.59457628,6010538.2,38.075,24.7219225,48.6226475,7.0,1.75,13.0,4.0,7.0,16.0,6.81498,3.951675,14.513135,26.8151575,53.705580000000005,53.705580000000005,50.03448,52.7543,54.066359999999996,51.244385,55.0114875,20.5226475,20.887495,1.0362225,20.1595175,6.042306667,45.0193625,50.772915000000005,45.64609,50.780454999999996,12.5609675,0,0,0,1,0,0,0,0,1,0,0,0,0,0,0,0,0,1
125,38903000.0,467950.21568747057,1077.25,50.07,0.6493612903225806,4.111637787,0.39,7.0,6.15,8.325,12.78,17.86,35.4,5.4,90.7,1.0,0.0,0.0,2.8,0.0,0.0,32.8,35.3,2.7,20.0,4.59,33.68916666666667,5.16,52.0,0.5,1.39,249.65333333333334,67.75,22.75,44.0,55.0,18.5,-2.9,7.43,6.33929012,73.76987747,301.469574,4.49,91.0,93.66666667,93.66666667,93.66666667,88.33333333,71.0,93.66666667,30.06361079,66.61666667,63.02,190.3493333,247.8533333,43.43333333,38.46666667,48.16666667,28.5,62.8,57.43333333,67.83333333,2866.333333,10153.0,13234.33333,6570.0,56786.333329999994,24697.33333,32089.0,4000.0,37717.33333,31722.66667,81419.33333,36523.66667,44895.66667,2.866666667,11.4,5.966666667,17.43333333,23.38350755,69.05546727,62.33333333,68.9904167,62.5,8.0,55.439640000000004,53.72404333,0.94024,57.11335667,70.63533667,68.07360333,0.93066,73.13144,75.2898,72.47224667,0.9285566670000001,78.03412333,45.45913,38.35631333,83.80837667,81.12982,0.938603333,86.4144,0.32947,23.86009856,30.093834,11723165.8,63.4,37.835118076923074,47.72664667,6.0,4.0,12.0,4.0,6.0,14.0,11.12265333,8.329353333,18.01724333,25.15797333,47.83385333,47.83385333,47.48762667,49.21766667,49.55692667,50.63377333,51.37975333,45.49477333,45.93590333,1.019503333,45.06605333,1.9473099999999999,28.55395667,49.76546667,49.83846,49.76546667,45.49477333,0,1,0,0,0,0,0,0,0,0,0,1,0,0,0,0,0,1
126,14578000.0,192530.0,1352.654,51.37,0.6923,7.577820662000001,0.53,7.025,29.48,72.815,4.85,17.86,40.3,5.0,92.0,0.2,0.0,0.0,2.8,0.0,0.0,17.9,48.1,5.81,32.0,4.84,33.68916666666667,7.38,68.0,0.7,0.47,249.65333333333334,67.75,22.75,44.0,55.0,18.5,-3.1,6.14,5.726840308,80.69484384,139.6687622,4.73325,93.5,89.25,89.25,89.25,86.5,65.5,87.5,40.28796334,69.146,65.0995,149.79925,220.19275,34.95,30.975,38.7,23.25,49.8,45.375,53.95,1971.5,3458.0,2581.0,3001.25,18613.75,8114.0,10499.75,1766.6666670000002,12517.25,10917.25,26280.5,11772.75,14507.75,5.275,10.725,6.8,9.25,19.85037744,74.7278767,72.0,74.7278767,72.0,11.0,54.94918249999999,54.32025,1.1339,47.915735,73.50962,76.51349499999999,1.14234,66.968525,83.979685,89.2990675,1.1334975,78.7855875,47.3951325,36.28862,97.2466225,102.17401,1.1054225,92.44287,0.9120733329999999,32.88825601,40.30988445,4003162.6,46.75,37.33925,51.869440000000004,6.0,3.0,12.0,3.0,6.0,16.0,17.391354999999997,16.08209,22.04873,31.900765000000003,52.64558,52.160605,52.5325725,51.813075,51.10345,50.055375,48.63355,16.14392,17.108945000000002,1.12524,15.2043,8.256686667,57.904669999999996,52.2817925,38.340865,52.2817925,16.14392,0,0,0,0,0,1,0,0,0,0,0,1,0,0,0,0,0,1
128,7172000.0,72180.0,525.496,50.17,0.6493612903225806,5.797440155,0.42,6.55,21.115,48.37,4.7,17.86,35.7,21.0,78.0,0.1,0.0,0.0,1.0,0.0,0.0,30.4,42.9,4.86,18.0,4.56,33.68916666666667,1.71,60.0,5.7,0.49,249.65333333333334,77.0,20.0,46.0,54.0,16.0,-0.6,12.63,5.369788787,74.72978541,249.98071800000002,4.41,90.0,88.25,88.25,88.25,82.5,57.25,88.25,49.5562684,54.45775,52.79275,379.47925,397.592,88.025,82.05,93.6,32.975,123.3,116.85,129.475,1591.25,4275.5,4015.25,3197.25,21950.75,10167.5,11783.25,2900.0,8368.5,6362.75,30721.5,14445.25,16276.25,8.575,26.275,15.375,28.375,24.44665111,48.1419695,65.75,48.1419695,65.75,9.0,57.8388,57.0106775,0.9717975000000001,58.665535,99.351465,99.901415,1.011235,98.8018975,117.8941925,119.03423000000001,1.0197325000000002,116.75373,40.76128,26.61120333,166.35150249999998,168.432665,1.0250075,164.2694,1.207193378351351,9.039201993999999,49.59278367,2550569.2,113.075,38.91268,50.637195,6.0,3.0,12.0,3.0,6.0,15.0,7.4788475000000005,5.2799925000000005,8.997753333,12.29469,49.22286,49.22286,50.501197499999996,47.94647,47.88313,45.94277,46.00700333,11.9933275,12.63392,1.1125475,11.35324,7.8856432290625005,34.8287875,52.647940000000006,42.83980065666667,52.647940000000006,11.9933275,0,0,0,1,0,0,0,0,0,0,0,1,0,0,0,0,0,1
130,13797000.0,627340.0,0.0,50.11,0.6493612903225806,5.0872638960000005,0.555,6.165,23.455,44.975,6.08,17.86,42.23137254901961,0.01,99.8,0.0,0.0,0.0,0.0,0.0,0.0,27.79767441860465,46.1,3.9328,22.0,6.36,33.68916666666667,4.31,110.26923076923077,0.0,0.49,249.65333333333334,67.75,22.75,44.0,55.0,18.5,-3.6,11.53,5.640629251,93.22249786,227.51729276836733,6.2266,37.0,42.0,42.0,42.0,46.0,62.34946236580645,47.0,22.95240083,58.172,54.8358,274.7724,330.67199999999997,79.54,73.4,85.38,38.68,126.84,120.38,133.06,3573.6,6080.6,7228.2,8261.0,46927.8,21373.2,25554.6,5125.0,23373.0,17022.8,73534.8,34380.8,39154.0,9.22,18.16,18.36,27.2,27.35549287,56.02970532,39.2,56.08217655,39.75,8.270833333333334,62.1405769688372,60.241274767441865,0.9337741472790698,63.827010175348825,89.95916100047619,87.58915449904761,0.9481025476190474,92.18703095619047,104.21707175177781,101.33151875777774,0.9464788111111113,107.0427676251111,47.754787072162166,34.147598359999996,115.18093657714287,111.85831979666666,0.9472256745714285,118.42754732690476,1.207193378351351,1.881349566,23.01396812,3675394.8,127.45,37.835118076923074,47.88061887714285,6.083333333333333,3.0,12.0,3.0,6.0,14.0,18.24843998368293,15.47290127771429,21.801962805555558,25.837685694771434,47.24086392627907,47.37744205681818,47.867801984888885,46.25405988297297,46.9687082575,44.885698662162156,45.42169716659092,33.561783921675,33.57076746982501,1.0180346833249998,33.550075837174994,7.8856432290625005,43.11924794162162,49.7229143835,42.83980065666667,49.671473551111106,33.321973505714276,0,1,0,0,0,0,0,0,0,0,0,1,0,0,0,0,0,1
132,10716000.0,467950.21568747057,223.93,49.98,0.6493612903225806,5.9300953110000005,0.68,7.05,26.33,62.44,11.99,17.86,46.3,60.5,20.0,0.5,0.0,0.0,32.9,0.0,0.0,27.79767441860465,20.2,3.9328,32.0,4.94,33.68916666666667,13.9,50.0,0.0,0.5,249.65333333333334,67.75,22.75,44.0,55.0,18.5,-2.0,10.83,6.256741461,77.10611371,175.7673035,4.775333333,52.0,47.0,47.0,47.0,50.0,62.34946236580645,47.66666667,49.23142866,58.88866667,55.87833333,304.6546667,338.0763333,62.4,56.96666667,67.13333333,38.6,96.2,91.26666667,100.5333333,2031.3333329999998,3913.666667,5236.666667,4201.333333,23765.33333,10685.66667,13079.66667,4400.0,14893.0,11442.33333,36588.0,17057.0,19531.0,7.5,16.43333333,13.6,25.2,28.810736499999997,55.24376367,74.33333333,54.98623425,71.25,8.0,20.7491,15.35936,0.5901,26.02852,61.0184,50.05294,0.6977300000000001,71.73711,72.98991,60.380930000000006,0.7078,85.30755,11.00999,5.81113,98.91152,82.02901,0.7109300000000001,115.38271,1.207193378351351,20.365211764423073,43.084348011903856,9486831.08076923,66.04903846153846,1.14988,40.95451,6.0,3.0,12.0,3.0,6.0,14.0,18.24843998368293,15.47290127771429,40.194959999999995,25.837685694771434,36.62939,36.62939,40.87908,34.49112,34.49112,30.415540000000004,30.415540000000004,11.257819999999999,10.936539999999999,0.9451700000000001,11.57104,7.8856432290625005,71.93388,47.95622,42.83980065666667,47.95622,11.257819999999999,0,0,0,1,0,0,0,0,1,0,0,0,0,0,0,0,0,1
133,559000.0,156000.0,6517.294,49.69,0.6369,25.57791943,1.375,30.76,38.715,56.48,7.22,30.95,57.6,51.6,15.2,5.4,19.8,0.6,5.3,1.8,0.2,10.8,66.1,6.98,30.0,2.49,33.68916666666667,5.5,183.0,5.1,0.69,249.65333333333334,67.75,22.75,44.0,55.0,18.5,-1.8,7.16,10.15788395,42.40127007,950.7571106,2.4815,84.75966666659998,75.0,75.0,75.0,76.0,50.5,77.5,38.02140504,74.6425,68.1355,118.441,220.4095,17.8,15.55,19.95,12.5,19.9,17.45,22.3,18.5,37.0,49.5,14.5,191.0,80.5,110.5,13.0,134.5,128.0,214.5,90.5,124.0,1.8,3.7,1.4,5.05,11.75773461,80.2223982,80.0,80.39955235,80.0,6.0,95.50205,103.4471425,1.17421,88.1229,105.87122749999999,109.1532675,1.061495,102.82070999999999,112.68756499999999,112.90131000000001,1.003585,112.488845,79.865765,58.440819999999995,97.99183000000001,98.3640325,1.0077049999999999,97.6453,1.87949,45.70300058,38.0029014,212499.8,19.875,53.82344499999999,48.3899675,7.0,4.0,12.0,4.0,6.0,16.0,0.36468,1.7268925,1.0291549999999998,1.959255,52.1569875,60.585809999999995,48.274697499999995,55.17991,61.24706,62.93838,62.15084,88.3683975,89.6567575,1.0287725,87.16951999999999,7.8856432290625005,1.7978425,48.906617499999996,42.83980065666667,48.906617499999996,88.3683975,0,0,0,0,1,0,0,0,1,0,0,0,0,1,0,0,0,0
137,1104000.0,17200.0,3814.6620000000003,51.79,0.6493612903225806,19.68622153,0.16,30.305,37.275,33.145,26.33,17.86,54.6,88.1,2.0,10.1,0.1,0.0,1.0,0.4,0.0,27.79767441860465,24.2,3.14,10.0,3.07,33.68916666666667,9.5,258.0,9.9,0.79,249.65333333333334,67.75,22.75,44.0,55.0,18.5,-7.7,11.24,5.746038461294119,72.87495398666665,227.51729276836733,4.295001960764706,84.75966666659998,77.72712418313726,77.6339869282353,77.63888888901961,75.52745098039216,62.34946236580645,77.42156862745098,43.059729483431376,64.75064836607844,60.873446732156864,225.18017418431373,284.50474215294116,48.53111111098039,43.7759477127451,53.04307189549021,27.154901960980396,68.89617647117646,63.71434640509804,73.82016339862746,4108.507843190785,5721.58333326804,6125.53692805098,6918.376143724844,49178.50686200647,21721.399018966666,27457.107843261372,4352.866013196079,28124.145098045687,21972.67352932686,69916.4732033196,31748.988888294116,38167.48431326137,5.981535947764705,10.136111110901961,8.553333333333335,13.70843137235294,20.827480818117653,65.41619590156863,61.326797385490195,65.07591691222221,61.18888888888889,7.0,87.07956,87.156165,1.00175,87.003275,109.26684499999999,105.44908500000001,0.93266,113.06483999999999,117.0568433,111.88937,0.915813333,122.18605,79.22363,67.04624,95.78452667,93.86582333,0.96105,97.67299999999999,2.15155,33.73885503,48.26937779,360258.8,59.275,29.061429999999998,48.60459333,6.0,3.0,13.0,3.0,6.0,16.0,1.6622700000000001,1.6878766669999998,2.1632849999999997,3.178595,49.942615,50.01326667,47.61070333,49.658895,49.98038,49.09559,49.90821667,33.561783921675,33.57076746982501,1.0180346833249998,33.550075837174994,7.8856432290625005,43.11924794162162,49.7229143835,42.83980065666667,49.671473551111106,33.321973505714276,0,0,0,1,0,0,0,0,1,0,0,0,0,0,0,0,0,1
138,17997000.0,183630.0,0.0,49.63,0.5661,2.608714339,0.12,3.8,4.58,6.35,7.637692307692307,12.26,35.8,5.2,92.8,2.0,0.0,0.0,0.0,0.0,0.0,27.79767441860465,55.5,1.43,37.0,2.94,32.2,0.88,60.0,0.3,1.5,249.65333333333334,67.75,22.75,44.0,55.0,18.5,-54.7,5.77,6.665407524,50.59277646,227.51729276836733,2.8710000000000004,73.75,44.5,44.5,44.5,61.25,53.0,51.0,16.31203499,77.26575,65.12899999999999,77.632,261.529,17.975,16.175,19.625,10.65,22.9,20.9,24.75,5129.5,6658.75,9290.0,4512.5,8047.25,3538.0,4509.25,136.66666669999998,4717.0,4848.25,10497.5,4684.5,5813.0,14.375,19.075,11.5,27.925,10.83068407,86.65042170000001,80.0,65.07591691222221,61.18888888888889,9.0,62.1405769688372,60.241274767441865,0.9337741472790698,63.827010175348825,89.95916100047619,87.58915449904761,0.9481025476190474,92.18703095619047,104.21707175177781,101.33151875777774,0.9464788111111113,107.0427676251111,47.754787072162166,34.147598359999996,115.18093657714287,111.85831979666666,0.9472256745714285,118.42754732690476,2.409255,32.03427548,16.34241258,5185471.6,17.175,37.835118076923074,47.88061887714285,6.0,3.0,12.0,3.0,6.0,15.0,18.24843998368293,15.47290127771429,21.801962805555558,25.837685694771434,47.24086392627907,47.37744205681818,47.867801984888885,46.25405988297297,46.9687082575,44.885698662162156,45.42169716659092,33.561783921675,33.57076746982501,1.0180346833249998,33.550075837174994,5.851525,43.11924794162162,49.7229143835,51.367475,49.671473551111106,33.321973505714276,0,1,0,0,0,0,0,0,0,0,0,1,0,0,1,0,0,0
139,14111000.0,1259200.0,714.222,50.1,0.5588,5.2281952380000005,0.47,6.54,24.66,56.195,5.66,17.86,43.3,40.6,58.0,2.5,0.0,0.0,1.4,0.1,0.0,44.2,23.5,1.61,27.0,6.05,33.68916666666667,9.04,59.0,1.6,0.45,249.65333333333334,67.75,22.75,44.0,55.0,18.5,1.5,12.77,4.919148983,94.93401808,95.90139009,5.89725,59.5,42.5,42.5,42.5,40.5,62.34946236580645,45.25,45.39726066,54.985,52.169,337.68625,381.23625,73.475,66.6,79.95,34.75,123.55,116.35,130.35,4424.5,5553.25,5499.75,7707.5,45670.5,20444.5,25226.0,7200.0,22063.75,18302.0,75492.75,35043.25,40449.5,11.1,16.675,16.475,20.075,27.98510266,49.98134265,55.5,49.98134265,55.5,10.0,26.135715,17.24031,0.49291,34.977105,66.580545,55.86506,0.7232,77.24509499999999,89.215,77.458445,0.76752,100.924515,22.48583,16.92875,108.79693,95.2103,0.7787149999999999,122.30842,0.44263,4.9999993730000005,45.42634483,5602285.2,124.7,17.714295,43.63259,6.0,3.0,12.0,3.0,6.0,16.0,13.75335,11.74276,15.435405,19.402279999999998,32.881935,32.923865,43.325055,31.033240000000003,30.95409,26.700409999999998,26.119204999999997,0.872765,0.86067,0.98029,0.88476,13.613829999999998,68.40016999999999,49.25019,22.36675,49.25019,0.872765,0,0,0,0,0,1,0,0,0,0,1,0,0,0,0,0,0,1
140,7323000.0,54390.0,629.794,50.31,0.6493612903225806,7.471346327999999,0.415,8.525,27.675,52.99,1.84,17.86,43.1,43.7,20.0,6.2,0.0,0.0,35.6,0.6,0.0,23.9,42.8,3.3,22.0,4.52,33.68916666666667,9.0,66.0,3.1,0.48,249.65333333333334,67.75,22.75,44.0,55.0,18.5,-2.9588235294117644,8.84,5.1212298910000005,75.35883035,102.15534720000001,4.41725,93.0,82.0,82.0,82.0,74.0,62.34946236580645,74.25,49.67887734,61.1645,59.5155,250.00925,282.9185,48.875,43.85,53.65,26.0,72.425,66.65,77.975,1112.5,1307.0,1413.5,1743.25,12396.25,5526.0,6870.25,1000.0,6674.25,6049.25,18228.0,8324.0,9904.0,5.9,8.175,8.125,10.475,22.98908845,60.62127165,78.5,60.62127165,78.5,10.0,77.56586999999999,68.12091,0.78347,86.94785,107.21811000000001,101.90647,0.90584,112.49933999999999,125.3166875,122.44754250000001,0.9554024999999999,128.17113999999998,61.84573,38.09897,140.7444825,137.5610375,0.9557399999999999,143.9136325,0.9338966670000001,10.26340832,49.68083817,3504076.2,73.275,36.57159,48.7518725,6.0,3.0,12.0,3.0,6.0,16.0,25.81891,30.065209999999997,27.0111,30.677590000000002,43.76477,43.631865000000005,48.7303,41.95472,41.345617499999996,36.38807,33.14196,20.58162667,20.91222333,1.0324200000000001,20.25266333,7.743530000000001,31.87709667,50.67405667,31.147785,50.67405667,20.58162667,0,0,0,0,0,1,0,0,0,0,0,1,0,0,0,0,0,1
142,8454000.0,138790.0,847.0139999999999,49.55,0.6682,5.261639483,0.54,7.915,7.805,7.685,10.36,10.37,34.0,1.6,96.7,1.5,0.0,0.0,0.0,0.0,0.0,27.79767441860465,27.5,1.93,26.725490196078432,3.62,33.68916666666667,1.61,121.0,3.3,0.47,249.65333333333334,67.75,22.75,44.0,55.0,18.5,-3.4,5.2,4.903449842,59.78945395,211.6755981,3.608,98.25,96.0,96.25,96.25,97.5,96.5,96.5,37.54180681,72.8455,68.35325,101.65925,163.8305,31.675,27.65,35.475,15.725,36.275,31.875,40.525,152.25,291.75,502.75,146.25,8665.75,3666.5,4999.25,47.33333333,4348.25,2583.0,9878.25,4200.25,5678.0,0.9,1.75,0.7,2.975,9.248302957,80.64516495,79.0,80.64516495,79.0,9.0,99.33555,97.69795,0.9684,100.8884467,99.10654667,97.96192333,0.977753333,100.18996,98.81732,98.23174667,0.98854,99.37042,47.754787072162166,34.147598359999996,101.73648670000001,100.8225667,0.982693333,102.5993733,2.212883333,20.47,37.5036761,2369477.0,36.35,98.37895667,48.12793333,7.0,3.0,11.0,3.0,7.0,16.0,1.003616667,1.2283,21.801962805555558,25.837685694771434,47.86860667,47.86860667,48.2863,46.25405988297297,47.33294,44.885698662162156,45.54592667,10.19704667,9.455603332999999,0.86793,10.89793333,7.615313333,43.11924794162162,45.06354,40.74739667,45.06354,10.19704667,0,0,1,0,0,0,0,0,0,0,0,1,1,0,0,0,0,0
143,5565000.0,469930.0,5275.191999999999,50.76,0.6493612903225806,8.833288489,0.655,13.36,8.55,9.985,3.58,17.86,40.8,6.4,93.0,0.5,0.0,0.0,0.0,0.0,0.0,11.8,52.5,1.72,26.725490196078432,2.93,33.68916666666667,4.22,552.0,5.4,0.52,249.65333333333334,67.75,22.75,44.0,55.0,18.5,-1.9,7.1,6.513477612000001,47.30106763,1125.552938,2.85975,98.25,98.75,98.75,98.75,99.0,99.0,98.75,41.07567531,71.37825,64.44725,130.05525,245.75099999999998,36.475,31.125,41.6,23.45,42.25,36.375,47.8,192.75,432.75,627.75,219.75,5170.75,2159.75,3011.0,11.0,3328.0,1231.75,5986.25,2523.25,3463.0,1.95,4.65,1.95,5.95,8.604012712000001,76.0912622,80.0,76.0912622,80.0,12.0,62.1405769688372,60.241274767441865,0.9337741472790698,63.827010175348825,89.95916100047619,87.58915449904761,0.9481025476190474,92.18703095619047,104.21707175177781,101.33151875777774,0.9464788111111113,107.0427676251111,47.754787072162166,34.147598359999996,115.18093657714287,111.85831979666666,0.9472256745714285,118.42754732690476,1.207193378351351,18.07936556,41.05564139,2574506.2,48.225,37.835118076923074,47.88061887714285,6.0,1.0,10.0,3.0,6.0,16.0,18.24843998368293,15.47290127771429,21.801962805555558,25.837685694771434,47.24086392627907,47.37744205681818,47.867801984888885,46.25405988297297,46.9687082575,44.885698662162156,45.42169716659092,33.561783921675,33.57076746982501,1.0180346833249998,33.550075837174994,7.8856432290625005,43.11924794162162,49.7229143835,42.83980065666667,49.671473551111106,33.321973505714276,0,0,1,0,0,0,0,0,0,0,0,1,1,0,0,0,0,0
147,51483000.0,885800.0,1020.47,50.09,0.6928,4.828982331000001,0.545,4.985,19.33,46.86,2.12,17.86,40.5,61.4,35.2,1.4,0.1,0.0,1.8,0.07,0.0,28.6,35.2,5.16,37.0,5.08,33.68916666666667,6.95,59.0,9.4,0.51,249.65333333333334,64.0,27.0,41.0,52.0,25.0,-1.0,7.16,4.849555575,83.73522804,102.0979309,4.98475,94.0,91.75,91.75,91.75,89.0,62.75,88.25,48.21053549,66.02075,62.178000000000004,197.39075,249.15175,39.025,35.775,42.125,21.4,54.825,50.925,58.525,4833.25,8413.75,10614.25,13852.0,77180.75,34905.75,42275.0,11000.0,42983.5,40183.25,107120.5,49054.25,58066.25,3.525,7.425,8.6,10.925,19.58928306,67.9905048,45.0,67.9905048,45.0,7.0,37.0010475,37.9420225,1.0515075,36.0733725,72.0296525,73.4834475,1.0410375,70.60264000000001,88.340925,90.090475,1.0404875,86.62729250000001,27.6592075,6.6002775,115.88588329999999,115.7938867,0.99897,115.97575330000001,0.14853,19.33333333,48.20444487,25495689.8,55.9,30.243475,49.38167667,7.0,5.0,14.0,5.0,7.0,18.0,16.9721125,3.714106667,18.60611667,28.21290333,50.9047975,51.21185333,50.467205,50.1048125,50.44182333,39.9971325,40.65407333,41.650935,41.838995000000004,1.00978,41.4673625,3.84301,5.5370800000000004,49.6419225,35.78395,49.6419225,41.650935,0,0,0,1,0,0,0,0,0,0,1,0,0,0,0,0,0,1
148,38225000.0,200520.0,772.42,50.88,0.7086,5.212061073,0.535,5.77,25.195,69.82,1.9,17.86,42.8,86.7,11.5,0.5,0.3,0.0,0.9,0.1,0.0,30.6,25.0,5.02,28.0,5.39,29.1,10.42,124.0,9.5,0.54,249.65333333333334,67.75,22.75,44.0,55.0,18.5,-1.7,7.35,3.776219373,93.82131918,120.9377925,5.1715,91.5,92.25,92.25,92.25,81.75,62.34946236580645,87.75,49.17354806,64.2835,60.01825,259.1355,335.07375,36.85,33.0,40.55,21.4,51.775,46.5,56.775,6196.25,12563.25,10802.0,11909.5,58071.75,25647.5,32424.25,6033.333333,34107.75,30124.5,80812.75,35817.25,44995.5,5.625,13.625,9.275,14.25,18.52143578,63.84309505,57.0,63.84309505,57.0,7.0,62.1405769688372,60.241274767441865,0.9337741472790698,63.827010175348825,89.95916100047619,87.58915449904761,0.9481025476190474,92.18703095619047,103.1179233,104.5053233,1.02704,101.7528733,47.754787072162166,34.147598359999996,139.4499467,139.7537767,1.004353333,139.15149,1.207193378351351,21.13918695,49.20195732,15323203.6,50.275,37.835118076923074,49.66014667,6.0,3.0,13.0,3.0,6.0,17.0,18.24843998368293,18.19483,21.801962805555558,25.837685694771434,47.24086392627907,48.41519667,50.26070333,46.25405988297297,47.54845333,44.885698662162156,40.12348,13.35001333,13.60901667,1.039173333,13.09583333,7.8856432290625005,100.0,50.4902,42.83980065666667,50.4902,13.35001333,0,0,0,1,0,0,0,0,1,0,0,0,0,0,0,0,0,1
156,26498000.0,527970.0,855.946,49.6,0.5128,4.7392573680000005,0.365,8.335,7.13,8.775,13.81,17.86,36.7,0.2,99.1,0.1,0.6,0.0,0.0,0.0,0.0,45.9,36.6,1.95,37.0,4.1,33.68916666666667,6.66,53.0,0.1,1.4,249.65333333333334,67.75,22.75,44.0,55.0,18.5,-0.6,5.97,4.97818539,70.48466983,139.0050659,3.94475,62.5,68.25,68.25,68.25,66.5,45.5,62.25,7.968407275,67.78975,64.41675,190.248,236.95775,43.4,39.375,47.375,26.65,57.35,53.3,61.4,3448.5,5480.5,6932.25,4144.0,36986.75,16351.75,20635.0,1400.0,22930.25,20956.5,48676.75,22039.75,26637.0,5.15,8.975,5.625,11.9,23.7633234,70.91684955,69.0,65.07591691222221,61.18888888888889,9.0,60.50533000000001,51.50573,0.74461,69.17161999999999,83.22134,75.90508,0.8409700000000001,90.25888,93.63748000000001,87.10226,0.87172,99.92056,51.58068,42.13459,103.21989,98.88710999999999,0.9208799999999999,107.38302,1.207193378351351,25.12765753,7.910595058999999,6303746.2,55.0,50.055209999999995,46.94465,6.0,3.1382978723404253,12.0,3.0,6.0,15.0,4.34511,5.03547,3.85235,3.1034,41.7599,41.7599,45.595459999999996,41.161120000000004,41.22708,40.25103,40.4121,1.5927799999999999,1.50502,0.89741,1.67707,7.8856432290625005,40.49009,46.2913,42.83980065666667,49.671473551111106,33.321973505714276,0,1,0,0,0,0,0,0,0,0,0,1,0,0,1,0,0,0
158,15879000.0,743390.0,1400.184,50.52,0.6312,6.601500107000001,0.705,7.615,28.8,66.685,7.75,17.86,57.1,97.6,1.0,0.5,0.1,0.0,0.3,0.9,0.0,38.1,44.6,5.09,31.0,4.92,33.68916666666667,5.3,123.0,4.8,0.51,249.65333333333334,64.0,27.0,41.0,52.0,25.0,-0.7,7.17,3.9709852889999997,87.1402626,176.2058716,4.77075,96.5,91.25,91.25,91.25,93.25,58.5,89.75,48.10933729999999,65.4475,59.87325,239.98425,339.83675,45.0,40.9,48.85,24.075,65.65,60.375,70.65,1940.5,3781.75,4325.75,3915.75,27274.5,12229.25,15045.25,1366.666667,14803.5,9543.0,39440.5,17876.25,21564.25,4.35,10.05,7.725,13.975,15.28124144,65.3386289,59.5,65.3386289,59.5,7.0,60.47583333,59.01189,0.9528,61.937630000000006,91.77657667,92.06961667,1.00651,91.4871,99.59432667,100.3705033,1.015763333,98.82831667,47.754787072162166,34.147598359999996,102.81293670000001,105.1060267,1.0451700000000002,100.5598333,1.207193378351351,22.16478876,48.15242467,6899786.4,60.95,29.05797,50.66668667,7.0,3.0,14.0,3.0,7.0,16.0,11.51309,15.47290127771429,21.801962805555558,25.837685694771434,48.74140333,48.74140333,50.07724,46.25405988297297,47.83030667,44.885698662162156,46.50087667,7.227810000000001,7.544905,1.091505,6.9169,7.8856432290625005,43.11924794162162,51.6926,42.83980065666667,49.671473551111106,33.321973505714276,0,0,0,1,0,0,0,0,1,0,0,0,0,0,0,0,0,1
159,13815000.0,386850.0,1521.11,52.45,0.6493612903225806,18.17790823,0.23,25.655,50.06,86.905,5.09,17.86,44.3,87.0,1.0,7.9,0.0,0.0,3.8,0.3,0.08,34.4,32.2,3.16,33.0,3.9,33.68916666666667,6.67,114.0,4.8,0.77,249.65333333333334,67.75,22.75,44.0,55.0,18.5,-9.4,8.67,5.288449429,77.99471954,185.5905355,3.7555,93.75,88.75,88.75,88.75,89.75,73.0,89.0,50.93613507,61.88025,58.73725,324.27325,378.01475,41.025,36.375,45.425,27.125,58.9,53.65,63.925,2411.75,3095.5,4072.75,2373.0,18687.25,8225.75,10461.5,2133.333333,12342.25,7659.75,27089.0,12245.75,14843.25,6.925,10.075,5.85,15.35,16.54925176,54.916415799999996,81.75,54.916415799999996,81.75,7.0,62.1405769688372,60.241274767441865,0.9337741472790698,63.827010175348825,89.95916100047619,87.58915449904761,0.9481025476190474,92.18703095619047,104.21707175177781,101.33151875777774,0.9464788111111113,107.0427676251111,47.754787072162166,34.147598359999996,115.18093657714287,111.85831979666666,0.9472256745714285,118.42754732690476,1.26078,24.30609828,50.92688303,6802754.0,50.05,37.835118076923074,47.88061887714285,6.0,4.0,13.0,4.0,6.0,15.4,18.24843998368293,15.47290127771429,21.801962805555558,25.837685694771434,47.24086392627907,47.37744205681818,47.867801984888885,46.25405988297297,46.9687082575,44.885698662162156,45.42169716659092,33.561783921675,33.57076746982501,1.0180346833249998,33.550075837174994,12.59951,43.11924794162162,49.7229143835,47.89452,49.671473551111106,33.321973505714276,0,0,0,1,0,0,0,0,1,0,0,0,0,0,0,0,0,1
